"tag","count"
"selfie",108161286
"photooftheday",183384235
"bored",60612891
"l4l",72053459
"followme",176123436
"love",525287658
"f4f",57360369
"tbt",195921294
"bomdia",9427679
"me",229605506
"day",40098313
"mirror",8190521
"polishgirl",2985772
"nofilter",69846103
"tagsforlikes",164750607
"webstagram",71395804
"follow4follow",84204676
"iphoneonly",70250992
"instago",63759149
"pretty",71532632
"my",69369779
"style",81064628
"family",69169836
"instacool",60720426
"life",67587330
"hair",65051658
"instafollow",58775887
"likeforlike",71117960
"eyes",57972528
"christmas",46524602
"20likes",49215148
"funny",55452811
"colorful",48048801
"sun",60855590
"look",53744880
"lol",79233145
"tweegram",67961277
"all_shots",65033779
"nice",54219678
"cool",57070062
"instagood",243970500
"finnishgirl",2812473
"today",19484869
"happy",157711089
"party",49335996
"friends",112094384
"likeback",25319398
"instalike",101547259
"cute",195595513
"fun",118673224
"smile",114431520
"goodmorning",26410637
"boy",29616306
"instapic",33488346
"like4like",111846555
"instamood",85957656
"fashion",100908859
"summer",107991329
"igers",115003968
"picoftheday",135766450
"instadaily",122448185
"beautiful",156281876
"girl",157488113
"bestoftheday",93198449
"follow",201270995
"gay",12254674
"vsco",10955994
"vscocam",19977762
"tgif",9486600
"selfienation",1656036
"selfies",8990221
"tflers",95422622
"handsome",11247429
"instaselfie",1411631
"selfietime",1252225
"face",20711242
"portrait",5996916
"instalove",37375914
"igdaily",31436912
"swag",100466409
"retrica",7594623
"friday",22392760
"good",36951455
"followback",47310440
"followforfollow",57389604
"blonde",19023389
"ootd",27631852
"potd",7614162
"amazing",96065669
"selca",3633227
"morning",24539409
"beauty",42602930
"brunette",16999211
"black",39871457
"makeup",38870356
"girls",51860533
"work",28068718
"hot",45497838
"likes",33165619
"yolo",20388058
"food",100981851
"spamforspam",6532033
"stylish",11811061
"nails",24003643
"pink",45875147
"design",17540915
"model",28621528
"dress",20101007
"shoes",32753559
"heels",12208908
"styles",13280037
"outfit",18888324
"purse",7336026
"shopping",22152631
"glam",5774835
"sweet",34810899
"guy",11178290
"instagramers",26548043
"photo",39780675
"baby",44494813
"iphonesia",43772688
"commentforcomment",1440950
"c4c",10791483
"comment4comment",1677456
"s4s",24006130
"spam4spam",4128248
"recentforrecent",2336606
"r4r",1285092
"recent4recent",1699767
"shoutoutforshoutout",10724900
"shoutout4shoutout",9395948
"spamme",1145580
"edit",6774350
"likee",1163274
"kik",23482564
"shoutout",45840946
"jewelry",10057837
"dope",9923677
"boys",18859954
"so",24927608
"blue",40773233
"best",36454057
"hipster",9543429
"landscape",10434580
"hashtag",8190164
"shoutouts",18563304
"beach",43853970
"tumblr",17171123
"free",10204149
"kiss",16908833
"crazy",25049659
"haha",22736368
"brown",9208651
"with",22665330
"instaphoto",30322347
"drawing",14450107
"pet",10151759
"drunk",17746733
"gf_daily",1697197
"travel",14497588
"bff",20292096
"brother",16599293
"clubsocial",1476600
"clouds",17394766
"thanksgiving",5564740
"view",13431050
"a",31426977
"instagramer",7222104
"goodtimes",24680620
"starbucks",11397984
"vacation",11628408
"street",7361337
"awesome",37053207
"igaddict",8454862
"instalovers",2376719
"instabeauty",4094305
"instagallery",2230661
"instafamous",11647717
"instasg",1565867
"iphonography",2506821
"iphonegraphy",6386836
"bestpicture",1591682
"gmy",5662283
"igersoftheday",8522444
"insta",11605457
"igersmanila",4027347
"fabshots",1874915
"tag",4435659
"popularpic",1339671
"tagstagramers",2496964
"tagsta",7469047
"i",35756122
"school",31938279
"you",28035617
"weekend",16921492
"instaboy",3397696
"friend",30802993
"peace",14722648
"art",45786774
"loveit",36877840
"teen",5129312
"young",12401554
"igaddicts",1057835
"latergram",9881488
"hot_shotz",2711025
"onedirection",35469463
"football",11092405
"cutie",16409685
"merrychristmas",6853515
"little",15974280
"the",30992916
"one",8583143
"of",18094948
"forever",24245378
"home",34642811
"to",22446012
"new",35643285
"white",31101044
"it",19681459
"boyfriend",38375891
"on",14761372
"and",27975693
"cat",31177852
"him",8984259
"in",29519575
"dog",37421095
"sister",25176329
"lovely",16949618
"perfect",26406075
"is",20087662
"for",22781185
"birthday",30273465
"miss",10670587
"king",2879209
"be",9855584
"proud",5742901
"your",3413021
"may",2206870
"time",16533911
"this",14343078
"world",11435694
"true",17505517
"great",11829695
"cup",2486191
"quote",18612408
"yesterday",8988403
"first",6151974
"all",11114466
"call",1038560
"nature",42130080
"2014",18073522
"last",7161970
"london",16534671
"we",6851244
"picture",16441903
"story",1734294
"mind",2052422
"music",44887353
"end",1840178
"team",6877749
"year",5099421
"lots",1016730
"night",47396536
"queen",4441111
"top",11631008
"no",18851360
"her",19495962
"just",6585811
"by",5039652
"long",10360985
"pic",16045756
"more",4383363
"them",8329017
"spring",18818753
"full",2135175
"flowers",18029299
"quotes",11315864
"week",2060963
"out",20527306
"go",11655106
"not",7374736
"old",22621068
"happiness",15227994
"at",8067672
"have",3813867
"red",34492934
"2",13949100
"ocean",7154571
"sea",21302026
"flower",12585262
"mountains",5500228
"sky",47100297
"cloud",6173144
"spain",8471927
"skyporn",6050461
"naturelovers",1499293
"japan",13051178
"italy",14313035
"tree",18775712
"water",14307879
"green",24776370
"mountain",5009208
"trees",13715659
"sunny",14775690
"weather",11716184
"architecture",9376262
"holiday",16358609
"snow",26490023
"natural",10989436
"building",5137154
"sunshine",15788937
"lake",9663242
"color",9404346
"city",15953706
"park",9349527
"sunset",28713526
"sunrise",11450501
"skylovers",2177819
"cloudporn",7150637
"river",5880943
"scenery",3277179
"panorama",1172105
"france",6764207
"animals",9704780
"rain",13172808
"colors",8156992
"russia",5971021
"light",15771607
"paradise",6726052
"landscape_lovers",1042395
"urban",4527214
"trip",10372728
"road",5360923
"italia",5190177
"instanature",1331383
"ukraine",1211188
"venice",1851451
"rome",2223038
"turkey",9768334
"usa",14944273
"china",5087509
"england",5735920
"foodporn",26642312
"milano",2611976
"milan",2609341
"roma",2579370
"italian",4487955
"instaitalia",2256081
"jj",28167175
"florence",1041914
"europe",2754739
"germany",7390696
"paris",13436154
"berlin",4933933
"moscow",6419077
"istanbul",7340303
"uk",7977617
"nyc",17372662
"dubai",12516414
"kuwait",15898820
"ksa",10241078
"canada",7295836
"miami",12337407
"igersitalia",2991864
"church",8159374
"australia",6794428
"madrid",4545055
"napoli",1049501
"instagramhub",33490574
"tagsforlike",7654748
"mare",2219462
"ignation",4936960
"oneday",1180572
"sand",4851987
"wcw",67475103
"throwbackthursday",38877901
"repost",44805155
"harrystyles",38243240
"statigram",34650280
"throwback",42072279
"lights",10975646
"moon",6271905
"twilight",3401655
"dusk",2170688
"mothernature",1659267
"orange",15507773
"drink",8481230
"partying",1084234
"instaparty",1416749
"instafun",7988344
"guys",9281163
"chill",12595053
"chilling",11259767
"memories",18986126
"funtime",1736011
"funtimes",5555990
"goodtime",7199925
"dinner",19892740
"besties",9799999
"enjoy",8391208
"bar",3719849
"what",5433395
"do",8467110
"but",4517128
"let",1700550
"take",1946672
"tu",1698091
"la",16408136
"na",1941074
"com",1716579
"high",8528805
"e",3395641
"o",2465069
"b",4035521
"need",5715168
"w",1632565
"ma",2930578
"are",6361076
"woman",7057295
"mi",5201802
"di",1647009
"de",11530571
"que",3065321
"z",1371682
"y",1772435
"l",2698972
"te",3697319
"le",1616519
"its",4407265
"car",12619725
"will",3854816
"s",2424220
"bestfriends",22590424
"friendship",13636222
"live",16338622
"bf",6867115
"gf",5840327
"bestfriend",31817483
"lovethem",16139360
"goodfriends",3438292
"goodlife",2894531
"relax",16226421
"goodday",8004629
"loveher",28826838
"picstitch",30166878
"teamfollowback",19134657
"likeforlikes",4147765
"likeforfollow",7501426
"likes4likes",12980653
"instachile",2880553
"photoftheday",2346550
"sfs",9183583
"instalikes",4815954
"grunge",2060873
"fitness",37183560
"v",1284595
"r",2495961
"j",1545264
"je",1147548
"porsche",1604131
"d",2371086
"c",1685490
"turbo",1980557
"mini",3497057
"t",2710245
"p",1296450
"f",1516434
"g",1606935
"m",3563734
"n",1333215
"k",2593295
"u",5554238
"followers",11794415
"h",1920434
"comment",18283690
"followher",22994640
"follows",20184051
"likers",2149704
"done",5815311
"tagforlikes",9325314
"followforlike",2419529
"followforafollow",1141660
"likelikelike",1659716
"sdv",1780234
"segue",1234777
"followplease",1695615
"followyou",1009819
"like4likes",2786449
"followfollowfollow",1312668
"followmeplease",2560979
"igscout",1183665
"instaaaaah",2252707
"insta_crew",1662261
"instapicture",2420120
"instamillion",2226931
"instagold",3569423
"instagroove",3217852
"instahub",14109513
"original",4232129
"gang_family",9671211
"igs",2306450
"teg",1874332
"instamoment",13804073
"instagrammers",11070598
"instamania",3670439
"1d",15713137
"pictureoftheday",9912212
"instahappy",6884020
"instafood",23227887
"instabest",5349456
"instafashion",18655098
"instaframe",10579412
"instatags",4749645
"instacute",7219073
"jj_forum",19334322
"tagstagram",10240774
"photoaday",1521049
"bestphoto",1897653
"instaweb",1365958
"sisters",14507045
"foodstagram",2852684
"followhim",23563151
"fresh",19107615
"girlfriend",11957519
"drinks",12150349
"alcohol",4727767
"turnup",11055972
"pose",6092471
"following",13883170
"nomnom",2420948
"instasize",19624380
"pasta",3230478
"homemade",6679239
"healthy",22039551
"eat",9284818
"hungry",11248117
"cooking",4206401
"tasty",5600809
"cake",19580762
"salad",5285709
"healthyeating",2047266
"yummy",32573518
"delicious",18074699
"foodpics",3971041
"foodgasm",5802359
"lunch",13572657
"vegan",4019531
"vegetarian",1514850
"eatclean",10197104
"cafe",4570794
"healthyfood",2310753
"foodie",7474511
"foodpic",2604337
"cleaneating",7724206
"dessert",6224269
"pizza",7221890
"cheese",6265146
"fitfam",8095572
"fit",18392746
"fitspo",8630749
"fruit",6777512
"breakfast",22353773
"chicken",8068025
"spicy",1058946
"daily",3033114
"sweets",4225963
"igsg",2512680
"icecream",8635499
"coffee",19785442
"diet",8774492
"eating",6289236
"yum",26596936
"delish",5076986
"strawberry",6894133
"sgig",1231463
"singapore",3325623
"chocolate",18031760
"bangkok",3207668
"eathealthy",1013952
"luna",1362814
"goodnight",19523662
"nighttime",1798250
"sleep",15226165
"sleepy",9061714
"sleepyhead",1623569
"tired",31383855
"bed",7715799
"bedtime",4119207
"rest",2171237
"dark",8826436
"evening",6857524
"riyadh",1185832
"there",1736221
"were",1115430
"thank",2083176
"loved",2325739
"draw",7425169
"star",5184161
"stars",3796615
"back",10163087
"tattoo",24484583
"line",1671813
"wolf",1807489
"kitchen",2035388
"100happydays",8392363
"chef",2020536
"baking",3417777
"cook",1231886
"japanese",3070130
"meal",2134047
"sogood",5157219
"vegetables",1327625
"yummi",1471050
"health",10654299
"fish",7246165
"pancakes",2405551
"gym",19085598
"lifestyle",8419401
"rice",1560825
"uae",12700706
"tomato",1040784
"blog",2819339
"nutrition",3838759
"handmade",8492661
"primeshots",2004860
"implus_daily",4710663
"streetstyle",2125880
"instacanvas",1810532
"instapopular",1974181
"clock",1159977
"watch",5584212
"myself",7955280
"pics",3318928
"türkiye",1077854
"igersistanbul",1461940
"instaturkey",1216877
"photowall",2061508
"urbanart",1318092
"town",3722601
"justgoshoot",1004103
"igersturkey",2590155
"us",7786311
"america",6903972
"trend",3284330
"lookoftheday",1306599
"wait",3403260
"care",2398606
"away",1241912
"break",2212596
"up",12645551
"lets",1360237
"cant",4832035
"never",4856736
"want",5831861
"off",2895001
"after",5665005
"easy",1729774
"lips",10789785
"moment",6424395
"dont",6503515
"pictures",4400495
"1",17650669
"can",5711703
"please",11859991
"en",3428967
"bright",3556411
"sunnyday",4304396
"instasun",1091193
"gorgeous",16024242
"2012",6060454
"textgram",6741560
"yo",4209496
"tan",6334720
"palm",1014497
"moda",5124751
"hollywood",4399488
"izmir",1990474
"ankara",1411387
"newyork",14117406
"luxury",4855286
"qatar",6611987
"amore",3132432
"fashionblogger",2514544
"man",10800836
"sole",1443523
"shooting",1710188
"vintage",10795752
"ny",4527390
"io",1336368
"zara",5138617
"tokyo",4212173
"stage",1195064
"bridge",4367364
"shadows",1088011
"interior",2222889
"concert",10478103
"dance",12974283
"news",1306157
"buildings",2534096
"neon",3751652
"edm",4466239
"realmadrid",1833886
"halamadrid",1426639
"camera",3259838
"people",7942182
"melbourne",3792403
"blackandwhite",15608773
"bass",2236059
"tour",3136243
"motivation",15743753
"photoshoot",5888511
"body",5761240
"girly",8618435
"skirt",6775544
"fashionista",6010694
"accessories",5883635
"classy",3646765
"clothes",8968559
"models",3228917
"ulzzang",1113396
"shoot",2377196
"jewlery",2489797
"inspiration",16069596
"jacket",4891085
"women",5947025
"heart",20233153
"mouth",1918900
"swagger",3023663
"pants",3771875
"shirt",6805714
"polo",4459976
"swagg",2936382
"tshirt",5576584
"sneakers",3835441
"jeans",4671204
"abs",8023788
"men",5584966
"chanel",7303960
"gucci",3252835
"guess",1948886
"vogue",2352409
"hairstyle",4257195
"mode",2139641
"stylist",1505702
"instastyle",3168388
"chic",3691431
"stunning",3963210
"jualanku",6399003
"leather",3484257
"bag",4608918
"designer",2914248
"trendy",2899425
"musthave",1939116
"brand",1683940
"winter",16746094
"outfitoftheday",1461887
"diy",5872542
"sale",7295949
"kloset",3499822
"topshop",4399113
"aniyakala",1114012
"antalya",1113084
"blogger",2844515
"gold",13184925
"onlineshop",9093091
"olshop",7203062
"giraffe",1059809
"readystock",2339603
"kawaii",5992928
"korea",6259738
"hongkong",3558349
"teddybear",1151546
"preorder",1700555
"shop",7580925
"siambrandname",3711536
"diva",3262892
"fashionblog",1098948
"lookbook",2418442
"jewellery",1684173
"collection",3136206
"quality",1297871
"murah",4412206
"online",2323119
"menswear",1581730
"elegant",1397546
"brandname",1088670
"fashionable",2593382
"necklace",6601785
"forever21",2390793
"hermes",2299471
"bahrain",8595159
"brazil",9188980
"ready",9213765
"jualan",8230077
"baju",1565008
"blouse",1038340
"highquality",1125592
"import",1289203
"murmer",2556628
"blazer",1505510
"cars",4922538
"thailand",12105680
"lace",2525914
"india",2280080
"lady",2853565
"trustedseller",4737638
"thai",2927687
"promote",1589271
"celebrity",1081912
"recommended",1243206
"doll",2102230
"flawless",4408756
"attractive",1127002
"inspired",1581470
"po",1014534
"jualankaka",6144160
"jualansist",2293431
"olshopindo",5514759
"indonesia",10377099
"igworldclub",1782562
"allshots",1362812
"igs_photos",1211027
"hdr",3121872
"ig_snapshots",1414553
"iphone5",8301971
"iphoneography",4954956
"instanaturelover",1263270
"bluesky",3562856
"allshots_",2139543
"snapseed",2770206
"swerve",2136587
"bow",2666721
"justme",2458586
"muzy",1364736
"im",8075950
"valentines",3210515
"sorrynotsorry",4981100
"smoothie",2336401
"nationalsiblingday",2873893
"perrieedwards",1550195
"finally",8160386
"textme",2667503
"kidrauhl",2389098
"ig_captures",2167172
"instaaddict",1978110
"creative",6547061
"ink361",1000616
"mobilephotography",1342134
"editoftheday",1874780
"instagrammer",2736350
"ig_exquisite",1183465
"colours",4670477
"israel",3997000
"traveling",2489852
"lmao",15999180
"lmfao",7483567
"hilarious",7840178
"laugh",12823380
"laughing",4095380
"wacky",1675657
"silly",8165521
"witty",1255759
"joke",3897056
"jokes",3916787
"joking",1505309
"epic",6796646
"funnypictures",1596641
"humor",3008700
"10likes",8599177
"bad",7196368
"rainy",2222960
"early",4714375
"instaweather",4630571
"instaweatherpro",3917200
"outdoors",7278119
"sunglasses",10090735
"lazy",8459131
"mee",1123104
"boring",6708081
"awake",1418180
"wakeup",2482783
"wake",1144787
"earlybird",1162470
"gettingready",1258195
"goingout",1153769
"instamorning",1050071
"instaplace",3494116
"instaplaceapp",2290911
"place",7281423
"earth",6441799
"cold",14004792
"kids",8712993
"children",4816231
"fam",3667607
"dad",9460842
"mother",4348782
"cousin",16537906
"loveyou",23680862
"wedding",17338499
"mom",9481422
"brothers",5802407
"bro",7613626
"sis",3779595
"siblings",4470615
"father",2545781
"familytime",6102974
"happybirthday",9801034
"much",7486865
"squats",1615231
"bodybuilding",8064362
"ariana",1443098
"arianagrande",5600743
"grande",1555136
"actress",1617053
"redhair",4318675
"wow",8964044
"selenagomez",4394961
"selena",1758087
"selenator",1146044
"angel",5178753
"singer",5515562
"wonderful",5507553
"perfection",9433997
"adorable",21809827
"fine",1837248
"horizon",1827222
"warm",8978557
"all_sunsets",1042385
"instasky",1744174
"silhouette",2185738
"bride",2779523
"demilovato",5163134
"longhair",11342643
"asiangirl",1702147
"swedishgirl",1880705
"braziliangirl",1178537
"poland",1973607
"likebackteam",12547774
"hello",8065255
"liker",10740615
"likesforlikes",14826874
"liketeam",12192098
"likeall",12398225
"likealways",12643080
"liking",12217709
"legs",7342426
"polish",3278348
"russian",1626457
"t4l",1238648
"hi",8599446
"xoxo",8189530
"finnishboy",1093736
"blond",7483668
"snapchat",9286791
"graphicdesign",1192094
"logo",1308495
"interiordesign",1480522
"artist",6978678
"tat",1194979
"tatted",2588684
"tattoos",11434367
"tattooed",1710967
"ink",6015377
"inked",3409397
"artwork",4300185
"decor",2386625
"decoration",1701723
"arte",1925422
"typography",1258013
"illustration",4109348
"sketch",10544822
"painting",7224072
"graphic",2148817
"instaart",3885961
"tatts",1044667
"tats",1273712
"tattedup",1079098
"inkedup",1187357
"babyshower",1605717
"skyscraper",1260892
"minimal",1267885
"arts",1300950
"abstract",2651743
"lines",1515752
"composition",2121700
"pattern",1925533
"wood",3017009
"house",10798103
"desserts",1795457
"modern",1306117
"cupcakes",6757849
"cakes",1437635
"celebration",2882132
"cookies",3294669
"running",6359135
"fitnessaddict",3040261
"dedication",3745130
"train",6188465
"progress",3760981
"getfit",5161034
"workout",22128787
"justdoit",3534000
"strong",8922410
"nopainnogain",1589130
"beastmode",4042749
"sport",5978105
"weights",1217053
"passion",5508686
"fitspiration",2517224
"active",2644380
"fitnessmodel",2909562
"cardio",5518340
"training",8181598
"instahealth",2341161
"healthychoices",2566699
"determination",3652115
"exercise",7511540
"crossfit",3908082
"weightloss",4901991
"grind",2018020
"instafit",4566206
"truth",22530840
"muscle",5367168
"quoteoftheday",4482029
"dreams",5291578
"goals",2592764
"strength",3407329
"believe",9838874
"gymlife",1612382
"flex",1592735
"instafitness",1191066
"trainhard",1369435
"grow",1072144
"focus",3836624
"ripped",1969941
"shredded",1753707
"squat",1044293
"sweat",2439494
"success",3879116
"fitlife",2068199
"lift",1886293
"gymrat",1640006
"nike",25676399
"noexcuses",1910950
"run",6669451
"results",1107762
"protein",4165523
"weightlossjourney",1196667
"herbalife",1901815
"gymtime",1062126
"physique",1110369
"chest",1075569
"muscles",3680206
"inspire",2346424
"power",3491062
"beachbody",1369706
"wellness",1071646
"workhard",2664129
"determined",1609374
"hardwork",3775865
"nodaysoff",1481430
"healthylifestyle",1489001
"fitgirl",1334470
"yoga",3763643
"aesthetics",1023688
"transformation",2203065
"nevergiveup",1687487
"beast",4922825
"healthyliving",1763557
"faith",4515011
"fitmom",1174622
"behappy",2973733
"rave",1768396
"dj",4775074
"window",3778012
"deep",1441190
"club",3677050
"garden",7688414
"sol",7044441
"room",3164211
"bedroom",2821783
"living",2271549
"history",3501640
"hiphop",7547975
"pool",12176342
"bathroom",2813093
"classic",5561174
"journey",1464545
"athlete",1191393
"biceps",1075778
"dedicated",1126789
"fitfood",1051146
"skinny",4425459
"motivated",2274697
"gymflow",1655219
"sixpack",1193015
"arab",2358956
"legday",1354682
"fat",8630826
"instagramfitness",1161749
"candy",8349174
"liampayne",15470498
"loveme",2086827
"santa",4653249
"djmalik",2000773
"niallhoran",33630552
"hate",8462575
"cupcake",5134565
"flashbackfriday",4955107
"british",4006229
"disneyland",4974927
"sports",4207225
"champion",1498393
"igfitness",1149724
"change",2614273
"yeah",5188687
"ever",5896805
"dream",10147193
"pleasefollow",26978052
"mine",10276494
"follower",16333338
"followbackteam",17762566
"followall",21945233
"followalways",11899887
"instafriends",3430432
"couple",12467584
"kisses",9091128
"hugs",4063247
"romance",2919396
"together",6134964
"lovehim",21011993
"littlemix",2693486
"zerrie",1569763
"like4follow",2858426
"follow4like",1390973
"bikini",7292787
"greece",3330352
"surf",3994040
"playa",2797955
"mar",1541553
"island",3319091
"seaside",1593919
"coast",1087183
"waves",4556021
"holidays",7741006
"boat",4925045
"ship",1461307
"hearts",2891730
"omg",10932477
"random",8275737
"instamessage",7947873
"instasweet",1218814
"followbackalways",4586000
"dude",2440453
"abercrombie",1143763
"iphone",4710024
"hollister",3922237
"likeit",4725369
"happyfriday",1872913
"support",3468453
"nail",6228868
"don",2776042
"sad",12415950
"depressed",4683721
"hope",7548529
"self",2503965
"give",1610713
"respect",4093843
"short",2418155
"skin",2453194
"skincare",1523349
"big",10943980
"that",5748968
"cream",4138673
"slim",1103799
"cut",4471103
"about",1789900
"share",3407130
"help",6396537
"think",2499307
"feelings",1747328
"stop",2798490
"depression",4037250
"soft",1771587
"detox",1279271
"bkk",1438917
"coach",2608961
"sbn",4430206
"sunnydays",1058847
"sunlight",2680439
"shine",3273034
"beautifulday",3977462
"blueskies",1218834
"shadow",1553139
"glass",3600265
"god",11020824
"rock",8324149
"indie",2239634
"alwaysfollowback",2520720
"ifollow",2564562
"pleasefollowme",2969228
"instacollage",46874504
"liked",1095704
"favoritesong",1220096
"boatarde",6021602
"boanoite",10538949
"real",8190356
"ladies",2127297
"instagay",5937489
"male",1386822
"clothing",4005423
"class",5531405
"mensfashion",1560831
"mylife",8364590
"homo",1576294
"graphics",1510555
"crew",1370865
"different",1604315
"suit",1826228
"streetwear",2408277
"beard",2532478
"jordan",6837746
"regram",9786429
"outside",4324520
"inspirational",1701984
"positive",2255308
"excited",15257416
"joy",3889510
"comedy",1471360
"goodmood",1134354
"feelgood",1073392
"smiling",4137003
"learn",1195686
"sohappy",2974148
"lovelife",3754682
"bandung",1472939
"hijab",3236166
"jakarta",4180631
"malaysia",4269683
"th",1041847
"españa",1185690
"es",1640676
"philippines",3586739
"россия",2255878
"taiwan",2640809
"restaurant",4221885
"southafrica",1265317
"sverige",1126781
"sweden",3623609
"se",1602239
"colombia",2489837
"norway",5363240
"brasil",4680813
"mexico",8668275
"spam",4797413
"ifollowback",10788544
"fff",4944627
"lfl",7188277
"rate",1647185
"tbh",4020070
"comments",8614064
"artsy",2291917
"single",5638781
"kikme",14352980
"drank",1832645
"dt",12478642
"doubletap",27746708
"tumblrgirl",2477222
"hashtags",3854492
"louistomlinson",27458949
"justinbieber",19833534
"mileycyrus",4511572
"fslc",10004083
"followshoutoutlikecomment",8059496
"tagsforlikesfslc",8608974
"shoutoutback",7705163
"commentback",9725911
"pleaseshoutout",8769264
"pleaselike",10788489
"pleasecomment",7508790
"teamfslcback",8786219
"fslcback",7384126
"fslcalways",8564030
"bread",2550592
"meat",1222206
"snack",4014395
"eggs",2327837
"veggies",1824501
"egg",2274827
"steak",2508821
"organic",2552781
"clean",5515379
"banana",4054226
"fruits",2178251
"healthylife",1079716
"apple",5410903
"burger",2363615
"brunch",2859502
"treat",1443145
"photograph",2426787
"picofday",2083062
"hug",2375918
"frozen",3681965
"disney",15316804
"glamour",2575152
"photographer",4470844
"instagreat",4241552
"instaday",5418917
"instalife",4694533
"instafriend",1821846
"trends",1170056
"vscogood",1122722
"vscophile",2204002
"foto",3601415
"canon",4423720
"instafoto",1317256
"now",8318950
"latepost",16027009
"having",1823904
"am",3687939
"walk",3808242
"non",1078250
"amo",10742731
"um",1040347
"da",3423583
"che",1113032
"bom",2206935
"dia",2759431
"il",1120893
"mio",1235219
"ti",1398793
"del",1181063
"sempre",1789646
"solo",2110361
"eu",3321445
"mia",4008233
"con",2926035
"bello",1045505
"mais",1099144
"bella",2920569
"un",1532794
"sono",2687554
"al",1090000
"ciao",1246087
"lo",1196744
"casa",2734998
"si",1582745
"exo",5943769
"piercings",3965639
"eye",4538884
"asian",16164339
"skate",5623273
"bud",2015105
"band",5740083
"jualansis",4955769
"murahmeriah",1542259
"trusted",2262033
"jualmurah",1189467
"wedges",1045830
"trustedolshop",1457921
"onlineshopping",1940695
"jualanbro",1253921
"cheap",1413536
"pictoftheday",1221212
"belanja",1306830
"pobkk",1154454
"iklan",2664095
"promosi",1762734
"jualtas",1032599
"tasmurah",1159261
"instashop",1701466
"tas",1333648
"jualanmurah",1987203
"surabaya",1132825
"bali",3880953
"jual",3690305
"belanjaonline",1164160
"jualbaju",1573049
"case",3284612
"iphone4",2931302
"iphonecase",1158744
"onlineshopindo",1242961
"bajumurah",2075867
"olshopmurah",1139374
"jualanbaju",1127120
"bestseller",1019853
"murahbanget",1042665
"jualbeli",1049102
"promo",1653352
"android",4533172
"adventure",3727061
"woods",1950595
"hike",1590410
"dogsofinstagram",7352561
"forest",3600026
"весна",1515657
"dogoftheday",3862725
"puppy",18086468
"path",2370965
"grass",5203089
"walking",3182271
"dogs",7488538
"pets",9146860
"animal",12757097
"instadog",7861104
"alone",7669684
"sushi",7824107
"summertime",7462338
"hazza",6787150
"15likes",2248897
"smiles",10846844
"blueeyes",10220619
"meow",8718483
"winning",6021248
"smoke",7848908
"game",10601149
"nialler",5985130
"hat",5242842
"tea",8891453
"hawaii",6375464
"puppies",3619127
"labrador",1304013
"husky",1616279
"cats",14584956
"petsofinstagram",2100306
"pup",2424679
"goldenretriever",1443699
"dogstagram",5563794
"lovedogs",1485933
"ilovemydog",5275297
"instapet",3481536
"instapuppy",1821919
"instagramdogs",1613744
"puppylove",4981909
"petstagram",7386283
"petsagram",2912636
"germanshepherd",1066552
"doglover",2135720
"doggy",3001611
"dogs_of_instagram",1277952
"beagle",1306169
"pug",2181380
"puglife",1145935
"chihuahua",4146286
"instapets",1177731
"shihtzu",1334580
"pitbull",6914654
"bulldog",2582319
"colourful",3113976
"yellow",16672857
"colour",5381357
"floral",2574893
"purple",9535855
"filter",3640334
"burn",1312474
"nailart",8901274
"redhead",2380100
"alternative",1502576
"curlyhair",6338384
"redlips",4446570
"ginger",4245255
"mermaid",1213356
"ombre",2759532
"unicorn",1336119
"fantasy",1112401
"pony",1747086
"salon",1213169
"pinkhair",1158770
"bluehair",1156172
"piercing",4582869
"lipstick",4408352
"haircut",4158114
"emo",3184796
"blackhair",2547964
"septum",1347757
"girlswithpiercings",1396147
"pale",1799183
"scene",4390210
"glasses",9670558
"goth",1290801
"girlswithtattoos",3281453
"emogirl",1056649
"scenegirl",1433825
"browneyes",3114439
"hairstylist",1301621
"fbf",4504725
"dontcare",3285297
"greeneyes",2371455
"curls",7956513
"hairdye",1146011
"boom",3608158
"swedish",4034932
"runner",1083749
"sneakerhead",4991967
"kotd",6121893
"kicks",4003704
"goodvibes",3040008
"blessed",21180846
"sunday",19447808
"california",8239942
"authentic",1157057
"bags",1755768
"wallet",1007373
"mango",3053111
"handbag",1029474
"michaelkors",2062008
"mk",1379717
"lv",2565612
"denim",1897669
"jam",1978801
"stuff",1200689
"newbalance",1272053
"kid",5457513
"instakids",1437667
"child",4210173
"childrenphoto",1228040
"instababy",2413486
"play",4720830
"stay",2454336
"bday",6140280
"birthdaycake",1421724
"celebrate",2419029
"candle",2592272
"candles",2485010
"years",3061202
"babies",5059976
"cuddle",2671444
"small",3481793
"sleeping",7557148
"toddler",1789615
"tiny",2359531
"wild",3015265
"money",9513815
"teenager",3195612
"feet",2071703
"linda",7570702
"lastnight",9335774
"hiking",3264986
"song",10564087
"guitar",5994137
"famous",2847593
"legend",3784861
"musician",1053598
"metal",3250903
"rocknroll",1308175
"taylor",2071044
"swift",1144116
"taylorswift",4078628
"country",5573053
"singing",3235306
"swiftie",1001995
"actor",2053908
"dancer",3231418
"sing",1749879
"album",1905790
"fan",2123677
"studio",3647344
"soul",2311001
"show",6549932
"pop",4656492
"rnb",1240239
"exom",2282600
"kpop",10126053
"smtown",1518288
"talented",1303438
"rapper",1536703
"cover",1482694
"bands",3008281
"instamusic",2379162
"festival",3997917
"talent",1672073
"miley",1776200
"rihanna",5249510
"rihannanavy",1102872
"navy",2687876
"diamonds",2921627
"riri",1371924
"idol",5026007
"magazine",2148576
"snsd",2660987
"sone",1072083
"soshi",1077844
"gg",1752340
"girlsgeneration",1885019
"sm",1213981
"taeyeon",1072746
"tiffany",1709877
"korean",5678686
"chris",1013003
"leader",1050621
"songs",2203459
"rap",4614248
"katyperry",1949637
"piano",1500295
"film",5193092
"movie",12795148
"abudhabi",2379643
"shisha",1432887
"coachella",1044403
"mtv",1241906
"scenehair",1059216
"punk",2511737
"bvb",1815349
"pastel",2315363
"blood",3512835
"weird",11810562
"ptv",1923119
"sws",1363753
"blondehair",1610741
"skater",1134398
"beanie",3275676
"gauges",1192106
"anxiety",1358306
"anorexic",1476413
"cutting",1964758
"staystrong",3733030
"bmth",1730236
"sleepingwithsirens",2224951
"blackveilbrides",1625781
"anime",10490342
"atl",3175759
"mcr",1227656
"plugs",1622824
"paramore",1489048
"suicidal",2001441
"hmu",3208317
"suicide",2472175
"scars",1079715
"bringmethehorizon",1760842
"derp",1327641
"ofmiceandmen",1505888
"eyeliner",3481285
"batman",3924985
"ugly",10132808
"piercetheveil",2739077
"askingalexandria",1071740
"mychemicalromance",1185029
"cosplay",1748980
"gamer",2814791
"sadness",1401075
"iger",5382096
"photoadaymay",1344503
"fmsphotoaday",4122927
"day2",3431916
"photochallenge",4828044
"mayphotochallenge",1488871
"paint",3564526
"drawings",1350351
"instaartist",1329801
"challenge",6050712
"hkig",9626542
"hkshop",1756798
"lockscreen",1539633
"skyline",3419162
"capture",1619281
"iphoneasia",3002245
"day1",3968930
"riodejaneiro",2625677
"portugal",2685453
"soccer",9249444
"finland",2246323
"amor",11743201
"sp",2743886
"praia",2420948
"brazilian",3681024
"rj",1546448
"rio",2354917
"losangeles",4406573
"fifa",1293075
"barcelona",6667608
"saopaulo",1766225
"unhas",1516900
"instanails",1192523
"amodemais",1066738
"follownow",1372143
"braid",3785437
"bun",2586907
"longhairdontcare",4475626
"instahair",1554371
"haircolor",1235262
"hairstyles",1396161
"curly",8096562
"straight",3588691
"40likes",2361123
"50likes",1154904
"30likes",4063852
"100likes",4573281
"60likes",1006025
"25likes",1384481
"gift",7972261
"travelling",2099996
"instatravel",2616453
"москва",2968407
"contestgram",1000045
"instatalent",3739877
"gramoftheday",1700558
"word",3859716
"instagramtagsdotcom",2324500
"versagram",3753255
"pub",2032217
"seoul",1795792
"sydney",4321483
"beijing",1228314
"toronto",5696282
"shanghai",1534319
"taipei",1363561
"frankfurt",1094210
"ibiza",1592702
"arabic",1058027
"asia",3367787
"newzealand",1267737
"lasvegas",4317204
"stockholm",2593347
"amsterdam",3128816
"prague",1457538
"switzerland",2222827
"capetown",1067431
"chicago",9327111
"dublin",1384773
"munich",1274124
"tb",14441637
"princess",8159298
"dessertporn",1061068
"foods",3116882
"sweettooth",2107085
"anna",1121371
"followus",2369608
"mustfollow",3397811
"mcm",41989475
"twerk",1519803
"hottie",3422048
"snapchatme",2606078
"teeth",3279418
"я",1607644
"красота",1294097
"вечер",1074543
"лето",1597016
"q8",10749803
"cuddles",3622290
"pray",2739798
"swimming",6045575
"vegas",8741474
"swim",1904355
"hotel",5373196
"beer",16739530
"piscina",1782642
"present",5429960
"21",3615523
"surprise",3735709
"17",2144807
"thanks",8883840
"thankyou",7107613
"presents",3752645
"22",1786591
"18",2487439
"birthdaygirl",3577902
"dior",2428537
"prada",3044827
"milin",3183768
"sretsis",2326657
"matilda",1119125
"clutch",1317668
"stance",2072977
"dresses",2452134
"ysl",1988976
"shorts",4226884
"burberry",1406365
"celine",1185853
"saudi",2724152
"vw",2821472
"volkswagen",1348591
"kiev",1010259
"valentino",1122864
"givenchy",1535374
"ootn",1976740
"louisvuitton",2258385
"socks",1791727
"hkseller",1534549
"852",1887812
"hkgirl",2776570
"simple",3181421
"hkonlineshop",2701596
"852shop",1406675
"sandals",1121030
"vip",3825980
"lyn",1909578
"forsale",2736274
"lookingforph",1005569
"rich",1528955
"macro",2231478
"female",1264067
"raw",2302800
"juice",2479746
"spinach",1186187
"glutenfree",1630253
"cleaneats",1349359
"coconut",1433921
"eatingdisorder",1228516
"recovery",1492175
"anorexia",2393872
"ed",1995084
"strawberries",3380752
"paleo",1812713
"avocado",1314547
"soup",1757738
"royalsnappingartists",1553715
"rsa_nature",1065543
"worldcaptures",1188561
"nature_perfection",1072439
"hdr_pics",1084567
"ig_europe",1012352
"bd",1649007
"phototag_it",1223726
"reflection",4902326
"wave",1966206
"florida",10793395
"rocks",2132917
"surfing",1618343
"gopro",2858815
"wind",1116460
"insta_pick",1023108
"igersbrasil",1192937
"mytravelgram",1463826
"frenchie",1550819
"frenchbulldog",2159155
"boxer",1984143
"yorkie",1257402
"dogsitting",1351723
"lovepuppies",1171107
"hound",1277198
"mydog",1520590
"fluffy",3604828
"terrier",1000387
"mybaby",8545977
"maltese",1004062
"pomeranian",1445365
"golden",2254035
"woof",1010964
"beforeandafter",1243898
"war",1769672
"питер",1109785
"los",1412308
"amigas",3397651
"lindo",4741159
"el",2689595
"mejor",1063532
"vida",3949619
"viernes",1029413
"por",1106584
"deus",1716107
"hermoso",1547596
"feliz",7710151
"mas",1042321
"perfeito",1018689
"tarde",2496072
"boa",3359419
"frio",3272313
"las",1179917
"para",1184433
"amigos",6366391
"meu",1457579
"pra",1053158
"familia",6142253
"exam",1793334
"before",3654187
"hard",5993415
"afternoon",5417362
"april",2746870
"feeling",3664009
"january",1787745
"march",2283733
"squaready",9410517
"giveaway",6252302
"freedom",4577068
"turkish",1499556
"silver",5267535
"stone",1301312
"poolside",1066268
"poolparty",1033101
"fantastic",2121591
"shot",2503881
"favourite",3477067
"storm",2699137
"raining",1370381
"rainyday",2007351
"cloudy",2294464
"autumn",9318466
"rose",7459128
"grey",5391836
"rainbow",8849881
"son",6781680
"childhood",2618713
"nephew",7224000
"daughter",5125775
"hk",4998070
"nikon",4855631
"pout",5380380
"selfshot",1008821
"closeup",2305416
"poser",1654396
"nightout",3726713
"posing",1566106
"selfportrait",2426494
"moi",2034331
"naturaleza",1091577
"oslo",1607009
"liverpool",1493607
"perth",1015666
"brisbane",1053819
"kuwaitcity",1105317
"manchester",1916518
"copenhagen",1450851
"telaviv",1066168
"doha",1914810
"sup",1049693
"addict",1170341
"likeme",4278849
"newyorkcity",2883796
"manhattan",2395446
"skies",1059570
"nissan",2468553
"rooftop",1120559
"downtown",3241587
"jdm",3278266
"philly",2344625
"carporn",2963975
"drift",1306605
"bmw",5468089
"seattle",3720142
"detroit",2103393
"civic",1237855
"honda",5000600
"weheartit",3645316
"fashiondiaries",1688020
"highheels",1709375
"wiwt",1483127
"boutique",1622377
"store",1623946
"coat",1089749
"igshop",1510927
"afterlight",1564163
"haters",1360850
"bracelets",2587474
"leggings",2237847
"streetphotography",1746530
"sweater",4135214
"tags",5441210
"graff",1184903
"graffiti",5230694
"ist",1098839
"beste",1477149
"sonne",1303462
"ich",2850377
"liebe",2319621
"dich",1262447
"das",1040046
"der",1363473
"den",1013284
"mit",2461554
"chillen",3603009
"super",3254016
"und",1628383
"streetart",6549999
"die",3155454
"auf",1030818
"du",1631564
"vine",1792384
"mercedes",1956738
"diesel",1490544
"dallas",2473392
"lanadelrey",2264667
"wall",2071220
"minecraft",3723854
"only",4063169
"mylove",13562052
"inlove",13255606
"always",6922067
"iloveyou",13759807
"babe",7943299
"directioner",12598212
"manga",4315904
"naruto",1470044
"otaku",2122322
"animegirl",1052986
"pokemon",3228719
"marijuana",1864147
"girlswhosmokeweed",1130215
"snapbacks",1316335
"airport",3862669
"yg",1104893
"mma",1370638
"focused",1257100
"snowing",1160097
"ice",7332831
"skypainters",3552726
"yyc",1147322
"peanutbutter",1188809
"energy",2032006
"shake",1157773
"down",2542167
"doing",1378937
"turn",1074704
"see",3346090
"who",2611439
"wtf",10071315
"if",1970702
"she",5973939
"how",2227840
"feel",2557462
"know",2755295
"why",4693071
"without",1066271
"say",1383115
"when",2491608
"was",3983433
"get",4852246
"confused",1629839
"idk",3001582
"make",4442760
"got",4059260
"supreme",2554324
"obey",3108805
"goal",1540279
"belieber",6155785
"around",1005350
"turkishfollowers",1079935
"turkiye",1091792
"bw",5808393
"iphonephotography",3475042
"ireland",2556265
"west",1022798
"explore",1298552
"south",1163836
"croatia",1205801
"westcoast",1643384
"oregon",1816583
"boats",1103024
"fishing",4458451
"marvel",2161739
"bn",1176270
"comics",1560895
"salmon",1280922
"lemon",1992642
"pineapple",1245567
"carrots",1134492
"sandwich",1432906
"bacon",2295804
"shrimp",1193833
"blueberries",1041320
"toast",1166261
"honey",2489188
"dimples",1525365
"marriage",1192147
"college",6259379
"laughs",1476476
"bcn",1031950
"hamburg",1509953
"boston",3479486
"messi",1206927
"arsenal",1045960
"denmark",2758142
"tourism",1666262
"book",8603989
"spb",1432544
"ja",1325394
"hahaha",5654651
"xd",2147239
"hehe",6129129
"mmm",3657111
"socute",6854785
"hit",1025975
"mothersday",2220301
"armcandy",1409056
"beads",1082513
"bling",2025174
"diamond",3392879
"ring",5293700
"earrings",3365427
"bracelet",4476490
"etsy",1337375
"gifts",3276846
"chloe",1298991
"rings",1944466
"atlanta",2127620
"sandiego",2743508
"sanfrancisco",4605136
"denver",1830226
"portland",1625599
"cali",6262848
"twitter",4026515
"texas",6154766
"virginhair",1124640
"playoffs",1350661
"bulls",1988552
"houston",2473819
"nashville",1602113
"couture",1055712
"york",1198266
"washington",1453884
"jersey",2108440
"phoenix",1073742
"philadelphia",1221657
"baltimore",1145924
"longbeach",1046526
"charlotte",1008264
"curves",1220931
"starwars",3512523
"movies",6499246
"southbeach",1338980
"wisdom",2188429
"jesus",6005338
"lord",1096851
"bible",1299490
"grace",1379165
"amen",5064168
"religion",1289828
"trust",2891322
"calm",3069319
"thankful",6298127
"grateful",2198729
"wish",3310891
"christ",1001747
"christian",1795043
"prayer",1233245
"instaquote",3357534
"sparkles",3065243
"opi",2176714
"essie",1308025
"rosa",2168898
"shiny",2215562
"nailpolish",4278262
"nailswag",1757859
"lindas",2532408
"amei",1235941
"azul",1088446
"manicure",2235282
"hand",4950101
"notd",1037243
"naildesign",1047958
"unique",2948654
"glitter",3855236
"acrylic",1301382
"french",4646917
"stripes",3941691
"polkadots",1267074
"scotland",1991182
"countryside",1200496
"myfav",1253819
"awesome_shots",1442380
"dancemoms",7200185
"dm",1865929
"chloelukasiak",1051458
"aldc",1793430
"dancemoms1",1422580
"balenciaga",1002934
"versace",1295123
"maddieziegler",1082853
"perfume",2468683
"paigehyland",1075865
"legit",1387388
"lynaround",2958257
"cps",1291222
"jaspal",1478360
"phonto",1073031
"realtalk",5652570
"facts",4035888
"text",5436768
"writing",1546623
"message",1358259
"note",1054301
"read",2091643
"reading",3997112
"words",3814329
"truestory",5194592
"qotd",1750799
"preach",1085805
"custom",2771615
"mua",3416589
"business",2606978
"retro",3413961
"photoshop",1743045
"3d",1602944
"boots",6410055
"fashionshow",1283649
"brooklyn",4972397
"instaperfect",1332549
"instanice",1711824
"forget",1164535
"person",1300228
"thinking",1914911
"everything",3701753
"bye",10134243
"they",1709746
"future",3477893
"he",4357159
"things",1738168
"sorry",3895845
"or",2968583
"something",1184805
"too",2611632
"someone",2147738
"talk",1435007
"thing",1574935
"pencil",5010744
"beat",2068520
"prom",6361012
"straighthair",2490985
"naturalhair",3244246
"neworleans",1376712
"sanantonio",1120695
"indian",2211509
"ohio",1328168
"tennessee",1059326
"beyonce",3452734
"africa",2077617
"season",1980578
"seasons",1221378
"instasummer",2045114
"shout",6375250
"shoutouter",5730709
"so4so",5647715
"ilovemyfollowers",6038092
"sobackteam",5162173
"soback",5288755
"shout_out",5895277
"freeshoutouts",1410792
"queenp",1006444
"somethingboudoir",1157592
"wila",1164343
"mask",2140362
"hm",1967171
"michael",1486751
"caracas",1194235
"cd",1038795
"blanket",1226594
"sayajual",2278826
"working",3899243
"pain",3163063
"study",4252677
"harry",16089912
"louis",14296173
"tomlinson",3582829
"niall",9288499
"horan",3773847
"zayn",13337433
"malik",3601781
"zaynmalik",16426253
"liam",13147713
"payne",2172799
"1direction",4596779
"direction",2212334
"larry",2914662
"larrystylinson",2659231
"special",3707961
"tall",1282279
"instashoes",1170621
"playing",4497599
"yamaha",1563998
"jazz",1346586
"norge",1048642
"austria",1683911
"morocco",1125302
"norwegian",1318587
"wine",9044667
"video",6703418
"beats",2504495
"jb",4095709
"creativity",1057488
"artistic",1443262
"gallery",1987384
"lilwayne",1098147
"chrisbrown",1443105
"edsheeran",2177195
"austinmahone",1753590
"janoskians",1056974
"5sos",3676099
"thewanted",1023565
"teenwolf",1379020
"eminem",1725193
"thewalkingdead",2610314
"prettylittleliars",2249799
"glee",2139437
"ladygaga",1649952
"justin",6895583
"bieber",6241524
"lovatic",1343069
"jelena",1196836
"5secondsofsummer",1701122
"ashtonirwin",1888345
"calumhood",1887707
"michaelclifford",1737702
"lukehemmings",1929668
"drew",1039757
"beliebers",2378289
"neversaynever",1691132
"brunomars",1190375
"fringe",1048853
"converse",5574740
"cielo",1226997
"primavera",1027975
"kicksonfire",2261725
"nicekicks",2263612
"estate",1258151
"kickstagram",2238411
"festa",2144210
"primo",1565633
"shoeporn",2595932
"local",1034120
"plants",2636418
"market",1289103
"corn",1258832
"16",2047150
"aquarium",1092471
"vacances",1197975
"phone",5086594
"samsung",3039611
"ipad",4569831
"hkigshop",1542948
"disaya",2488116
"kwankao",1690376
"galaxy",3413390
"hellokitty",5419178
"mac",4727234
"iphone5s",1168463
"kitty",16413273
"mon",1149382
"areeya",1033990
"vickteerut",1139456
"l4f",1070193
"thor",1449562
"lindos",1555654
"bike",5458900
"village",1160784
"bicycle",1193672
"fire",9511872
"leaves",4407532
"camping",3383049
"horse",5502543
"worthless",1156728
"death",2768734
"killme",1293988
"cry",2203699
"ana",3996391
"ouch",2875274
"leg",1049280
"broken",2279216
"past",1192896
"ugh",5090421
"lonely",3363828
"hurt",2688299
"dead",8185889
"helpme",2001005
"cuts",1055480
"blithe",2034932
"bulimia",1351576
"angry",1605487
"thoughts",1586589
"sick",11622927
"tears",1492631
"lost",2527099
"crying",2624445
"dieta",1077192
"travelgram",2552201
"igtravel",1029090
"visiting",1104478
"tourist",1988726
"instapassport",1024278
"travelingram",1448446
"ilove",2777260
"match",1269751
"basketball",6200260
"hockey",3693795
"volleyball",3305880
"michigan",1628666
"tigers",1036952
"broke",1045354
"insomnia",1220490
"dying",2226035
"fatty",3168219
"stupid",6384427
"stress",1297857
"scared",2759539
"smoking",2022548
"wonderland",1090737
"annoying",1579208
"lgbt",2133256
"stressed",1060313
"lovequotes",1066610
"thin",1018438
"lesbian",4707592
"secret",1316952
"hihi",2436479
"yay",11397862
"langeweile",1174809
"latina",2219006
"finnish",1953307
"spanish",1918624
"ok",1968227
"books",5695801
"harrypotter",4925869
"thg",1560737
"thehungergames",1501304
"hungergames",3168423
"percyjackson",1142848
"divergent",2325487
"roses",4658806
"lush",2050222
"pandora",3453266
"mum",3883335
"spoiled",3881125
"balloons",1251043
"lipgloss",1053688
"lashes",2140932
"masterpiece",1476300
"mascara",2435502
"kobe",1335238
"nj",1326522
"ball",3357662
"stadium",1053494
"field",2564171
"nfl",2734157
"superbowl",1431784
"adidas",6399278
"snapback",7760484
"baseball",5834320
"nba",4341988
"colorado",3304568
"chelsea",1288967
"welcome",1265564
"jeep",2239170
"harley",1006801
"exotic",1871542
"motorcycle",1670648
"oneofakind",1099955
"ford",3858943
"shirts",1012496
"vinyl",2458707
"rims",1222663
"chevy",3179531
"trucks",1000380
"print",2160335
"offroad",1015295
"lifted",1327727
"4x4",1124084
"dodge",1918343
"oldschool",3012822
"hypebeast",1157368
"quiero",1147868
"les",1220652
"aburrida",1159185
"met",1357485
"mis",1097078
"messy",3683406
"tv",6462628
"ikea",1419833
"mygirl",3912191
"niece",8381326
"bestie",8621296
"babygirl",6955848
"filters",1028722
"igfame",1020670
"onpoint",1071406
"420",8309232
"cannabis",1274572
"snuggles",1091693
"cozy",1224992
"comfy",2436125
"crochet",1333440
"pillow",1116630
"kitten",9125082
"craft",1360996
"catsofinstagram",7258903
"relaxing",6863920
"cosy",1696886
"scarf",4274898
"crafts",1003956
"as",2262887
"partiu",6596781
"minha",1792810
"amiga",2318532
"saudades",1876313
"muito",1137120
"deontem",1169731
"escola",1362413
"princesa",1604370
"em",1185585
"ago",1723920
"11",1802635
"times",3619439
"anniversary",2249771
"senior",2831131
"graduation",4248027
"final",1216975
"2013",25578687
"freshman",1167228
"next",1462446
"two",2750541
"days",3117696
"half",1295483
"pie",1443366
"vanilla",2394666
"cocktail",1996339
"mint",2170759
"greentea",1626228
"tequila",1973302
"sugar",2569653
"arizona",3500321
"vodka",2341341
"watermelon",1785574
"raspberry",1154406
"lemonade",1051048
"cheesecake",1588219
"refreshing",1012224
"blueberry",1233142
"throwbackthursdays",1306723
"backintheday",1129934
"come",2022599
"gonna",1605086
"lip",1772295
"redlipstick",1171489
"cosmetics",1372183
"fotd",1116370
"motd",1360120
"maccosmetics",1427913
"urbandecay",1168772
"eyeshadow",2351031
"cosmetic",1073626
"sephora",1262484
"eyebrows",1555050
"powder",1108386
"makeupartist",2437199
"indonesian",1073816
"victoriasecret",1166958
"vs",2661901
"polaroid",1116503
"ponytail",1415378
"waterfall",2017700
"roadtrip",7654211
"fast",3755934
"hurts",1080920
"nothing",2276785
"weight",1217789
"ribs",1017566
"fashionweek",1114103
"fall",14613514
"зима",1042184
"teamo",7744488
"rico",1403436
"ya",2719668
"adoro",2820374
"instamoments",2567462
"mansbestfriend",1404643
"lab",1729052
"runway",1167589
"meme",3770329
"memes",1235228
"fail",3563117
"traditional",1375228
"skull",3564435
"argentina",1913927
"directioners",3738343
"leeyum",4528758
"zjmalik",1781845
"midnightmemories",1692106
"chile",3003382
"tommo",1359643
"boobear",1379452
"boyband",1232818
"santiago",1062870
"daddydirection",1879385
"imagine",2125465
"larryisreal",1022489
"ily",3650703
"tmh",1001188
"mix",1410401
"noche",1530715
"latenight",2738116
"victoria",1256374
"loves",3422111
"looks",1559629
"shes",1435066
"bitch",2555850
"fandom",1402308
"catchingfire",2583833
"fangirl",2051369
"teacher",1420517
"student",1973155
"students",1119298
"classmates",1003375
"homework",4822575
"four",1460160
"paper",3606401
"library",1550629
"hp",1197176
"very",2719020
"many",1153316
"thats",1096154
"did",1024358
"oh",3342615
"even",1067957
"panama",1166017
"nomakeup",11090589
"freckles",1000556
"pinup",1484730
"ps3",3333433
"videogames",1703568
"havingfun",1664784
"games",3943371
"player",1317678
"playstation",1050035
"tennis",1676288
"gaming",2013149
"xbox",3587214
"score",1138993
"cr7",1080141
"brownhair",2578556
"geek",1513497
"blondie",2380544
"happygirl",2080341
"mirrorpic",1752349
"scandinavian",1068127
"going",4804598
"photos",6471579
"snapshot",2340482
"exposure",1629374
"table",1358585
"chair",1130981
"mood",3372583
"snap",1289736
"chat",2336322
"imbored",1075332
"rip",10297285
"insane",1187581
"allah",1130693
"islam",2168324
"evil",1512867
"gone",1211803
"drugs",1252503
"horror",1759528
"creepy",2212503
"scary",3565510
"hell",1097258
"kill",1454849
"goodbye",2328958
"fuckit",1378733
"theatre",1522045
"cinema",3173069
"dvd",1142949
"amc",1022565
"youtube",4809528
"instavideo",2256700
"flipagram",1697600
"hero",2311699
"ronaldo",1103322
"loyalty",1379496
"plur",1521449
"pride",2511880
"salute",1439738
"tee",1198729
"tank",1338695
"tanktop",1385457
"likelike",1242076
"math",1921779
"lesson",1204476
"english",3189089
"jeddah",1386087
"lebanon",2496777
"iraq",1029331
"egypt",2717329
"kuw",1986326
"oman",4481022
"syria",1033237
"gcc",1102689
"dxb",2056892
"bh",1354702
"muslim",1456930
"blessing",1035247
"heaven",6055682
"blessings",1048540
"image",1077958
"boxing",1917020
"yumyum",1601802
"getinmybelly",1104138
"comida",1146298
"horses",3185613
"farm",2706731
"riding",2280080
"jumping",1088553
"jump",1818321
"competition",1786632
"ride",3929174
"drive",2822858
"highway",1208054
"speed",2246674
"race",2313361
"racing",2334513
"wheels",1619444
"driving",3940273
"way",1885799
"champagne",2394875
"ios7",1059401
"magic",3371279
"ipod",3322723
"bahamas",1085080
"seafood",1916874
"myfamily",1156590
"our",1912639
"siempre",1033276
"gracias",1061478
"hermosa",1806218
"lovemylife",1371113
"bananas",1033844
"yogurt",1527812
"shoegame",1162506
"instakicks",1371802
"wdywt",2697743
"solecollector",1847346
"igsneakercommunity",2705340
"walklikeus",2296340
"sneakerporn",1427487
"complexkicks",1161322
"kicksoftheday",1157953
"sneakerholics",1016889
"airjordan",1630165
"sneakernews",1092780
"kicks0l0gy",1124962
"soleonfire",1005828
"23",2573836
"peepmysneaks",1263039
"jordans",2524724
"heat",3630782
"lebron",1895079
"smyfh",1165052
"mj",1545863
"air",2095011
"shoe",1367595
"todayskicks",1144509
"sneakerheads",1545585
"airmax",1585878
"bbc",1088058
"sneaker",1380831
"vans",9063210
"sneakerfreak",1082888
"ballislife",1559443
"canvas",1077820
"wip",1245146
"watercolor",1229679
"pen",3256221
"finished",1031842
"artoftheday",1415382
"fake",1689695
"sparkle",2350638
"doodle",3354888
"project",1604046
"poster",1279356
"nightlife",3693438
"pro",1690199
"musica",1460426
"loner",1329309
"faces",3819358
"dumb",1311571
"freak",1660055
"idiot",1414357
"justindrewbieber",1341894
"juju",1798691
"bieberfever",1350290
"biebs",1261001
"sketching",1109961
"myworld",3434044
"believetour",2138419
"fans",1760141
"poem",1036429
"swaggy",1596670
"canadian",1265387
"doggie",1243361
"hamster",1110611
"idc",1183439
"teamiphone",1429257
"google",1230341
"instadroid",1180350
"sony",1425049
"dailypic",1019716
"tweetgram",4095644
"hey",4344926
"hola",1231736
"job",3678265
"chubby",1477979
"treino",1020797
"academia",1007781
"foco",1826664
"cena",1121107
"personal",1172995
"delicia",1752634
"pearls",1142950
"fancy",2593513
"engaged",1011882
"stoner",1546986
"bi",1335002
"stud",1624244
"мода",1002591
"rayban",2988678
"sf",3803737
"ad",1355867
"belt",1034240
"lego",2121525
"casual",2094189
"hoodie",3184743
"karmaloop",1052940
"cap",2670976
"mickey",1873419
"minnie",1378933
"disneyworld",1566551
"mickeymouse",1493938
"minniemouse",1196971
"fireworks",4173287
"castle",1964237
"cow",1148047
"countrygirl",1710568
"paz",1887731
"fé",1520850
"alegria",1133834
"from",4022736
"huf",1049751
"gayboy",3929216
"costume",2695031
"myedit",2234010
"snowman",1341397
"belle",1235122
"brave",1053772
"jack",2184296
"ariel",1128464
"alice",1100293
"luke",1408768
"hood",1197453
"edits",1253588
"storyofmylife",1928610
"elounor",1392581
"bestsongever",1068606
"alltimelow",1708049
"lamborghini",1144633
"911",1062408
"ferrari",2377544
"supercar",1015865
"amg",1004030
"german",2286455
"instacar",1037620
"audi",2303311
"toyota",2065797
"subaru",1522228
"auto",1343211
"rare",1363975
"expensive",1024753
"okay",1267215
"dutch",1440535
"ghost",1869573
"nirvana",1242490
"80s",1165678
"rockstar",1292969
"badass",2595409
"thebeatles",1223092
"tiger",1987513
"van",1048564
"ask",3017802
"aşk",1308852
"galatasaray",1112156
"thuglife",2089115
"утро",1060536
"любовь",1205055
"newlook",1009484
"lou",1303952
"takemehome",2100821
"upallnight",1322401
"irish",3236830
"where",1032500
"thisisus",1547756
"1dfamily",1013794
"myloves",1544462
"some",2122302
"start",1405767
"still",2764276
"keep",2674832
"munchies",2244339
"favorite",6780800
"nutella",3865962
"ff",6604278
"chillin",12947857
"gaga",1084027
"science",1321592
"tampa",1012977
"getit",1137497
"lyrics",3650096
"shorthair",2706189
"eyelashes",1995689
"kittens",2509937
"catsagram",1061975
"catstagram",4268736
"ilovemycat",1859112
"instagramcats",1071507
"catoftheday",1555053
"lovecats",1097437
"furry",1561437
"catlover",2164339
"instacat",4954767
"neko",2548466
"catlovers",1064436
"gato",1784463
"rabbit",2611181
"ps4",1260895
"cash",1471680
"puma",1060277
"manila",1051864
"rad",1072973
"hippie",1325330
"tags4likes",3127489
"likethis",2736130
"thunder",1083703
"waiting",3726628
"whatever",3262740
"duckface",5370747
"ohwell",4634104
"messyhair",1856997
"workflow",10339625
"kellinquinn",1089037
"ss",4694628
"greenday",1213191
"gd",1480682
"vicfuentes",1025513
"ca",1290441
"culture",1939152
"dc",3130422
"socal",1615016
"bayarea",1303182
"westside",1127626
"vancouver",2706165
"tupac",1165200
"american",3113539
"lolz",1074607
"instafunny",1930961
"sassy",1175177
"amores",1031419
"losamo",1122086
"recuerdos",1071612
"amomuito",2121441
"primos",1425274
"6",3233225
"rp",17546244
"fact",3204451
"mushroom",1054376
"spaghetti",1011253
"beef",1123283
"selfmade",1236603
"chips",2282957
"cherry",1551952
"key",1212989
"shinee",1334775
"exclusive",1059909
"sketchbook",2356915
"pow",1366241
"milk",3325187
"cookie",2808655
"kush",4293523
"stoned",2261564
"bong",1391482
"fueledbythc",1050288
"wfayo",1585333
"pot",1439257
"highlife",2953647
"ganja",1953928
"dank",2949428
"710",1143926
"girlsnightout",1128797
"mall",3520000
"collegelife",2020381
"faded",4419752
"onelove",2940892
"maryjane",1489736
"weedstagram",1473017
"highsociety",3011481
"hightimes",1806818
"dabs",1243459
"instaweed",1086538
"baked",1506207
"dopefam",1013615
"joint",1060276
"blunt",1827714
"weedstagram420",1268728
"wax",1161173
"w420",1071874
"add",1339187
"toms",1809505
"beautifull",1706186
"sore",1104447
"made",3201062
"instalook",1417910
"instamag",1261356
"tvd",1691872
"newborn",1389657
"precious",3858051
"missyou",6809072
"thebest",7069175
"englishbulldog",1108999
"bully",1235407
"likeplease",1225211
"taptap",3342785
"instaswag",1529758
"tfl",2637231
"tagforlike",2056409
"tags4like",1038691
"onedirectioninfection",1160149
"rawr",1826617
"nose",1262642
"ig_watchers",1180552
"insta_global",1846941
"bnw",2530848
"vampire",1647826
"thursday",5496084
"windy",1345501
"niceday",1304299
"blossom",1580406
"springtime",1462532
"bloom",1320352
"really",3195270
"normal",1608367
"well",2161616
"realshit",2974401
"santamonica",1032265
"chinese",4234495
"coral",1148624
"moments",5202119
"modeling",1784095
"bird",5056222
"desert",2248922
"emirates",1157525
"vacations",1152036
"highschool",4601452
"seniors",2160708
"sopretty",2373951
"flowerstagram",1032945
"floweroftheday",1132375
"flowerporn",1087312
"plant",1084368
"flores",1110096
"heartbreaker",1039308
"victoriassecret",1443743
"starving",1035006
"crown",1227776
"cuties",7028120
"mygirls",1557911
"longboard",1606208
"bmx",3233310
"malibu",1078947
"demi",2242007
"lovato",1276419
"rolemodel",1148085
"warrior",1075162
"instanusantara",1445659
"instapict",1645242
"taste",1021912
"fabulous",2777911
"icon",1123920
"fame",1122333
"loud",2785671
"lastyear",1263692
"austin",2256277
"beatles",1022267
"swaggie",1139840
"bigeyes",1304370
"loser",2571377
"af",1060208
"singlelife",1060755
"afro",1168647
"highlights",1044820
"teamnatural",1173371
"fingers",1035623
"arm",1016356
"finger",1043924
"hands",2444357
"uni",2624282
"studying",2626155
"exams",1357581
"finals",1927757
"target",1538671
"university",3014644
"jetlife",1052520
"og",1741992
"boss",7103728
"toes",1388662
"100",3174834
"prima",2245383
"bbm",1579575
"yes",5372685
"instame",3784999
"every",1001766
"right",2780902
"looking",2321311
"4",6563061
"fly",2907192
"pll",2595497
"gameofthrones",1231784
"thevampirediaries",1311433
"sherlock",1535380
"supernatural",1865478
"doctorwho",2565030
"dailyphoto",1173871
"poetry",1374452
"upset",1031585
"sucks",3093304
"trill",1031971
"skatelife",2156924
"skateboarding",3913334
"likeforalike",1495999
"hairdo",1097030
"goodafternoon",1259629
"myboy",3232578
"myheart",2720217
"truelove",5801594
"myeverything",3682346
"ilovehim",3876050
"oakland",1020162
"vape",1017827
"sj",1041761
"rns",2622935
"hats",1791752
"daisy",1380508
"thaistagram",1048605
"bottle",1195069
"details",1135747
"bowtie",1236124
"5",5008103
"bows",1465535
"mouse",1285384
"goofy",2025182
"these",1886530
"three",1168193
"barber",1112916
"barberlife",1060247
"braids",1139390
"babyboy",4555719
"hookah",3113703
"amour",1640420
"lovethis",3684127
"likeitup",4762746
"whitagram",5452781
"vietnam",1413932
"tropical",1003986
"cousins",9906952
"7",3372161
"futbol",1516535
"champions",1903580
"xbox360",1572795
"katniss",1483957
"peeta",1135374
"mockingjay",1266862
"katnisseverdeen",1097832
"jenniferlawrence",1506653
"joshhutcherson",1229466
"josh",1040347
"nerd",3518788
"miam",1148164
"hobby",1424680
"cartoon",2832116
"instgram",1259431
"instabeautiful",1156090
"instacrazy",1162103
"instasmile",1677871
"leopard",3046198
"instacats",1050670
"teens",1967153
"teenagers",1032245
"newera",1336221
"mlb",1097619
"seahawks",1319092
"cowboys",1233693
"melody",1000902
"myjam",1029460
"lovethissong",1518291
"repeat",1524580
"goodmusic",2206971
"dubstep",1915608
"remix",1263431
"reggae",1305942
"bikelife",1283278
"marilynmonroe",1610111
"turntup",2464518
"3",7932526
"craftbeer",1708453
"orlando",2813311
"fanart",1044479
"oc",1046594
"monochrome",2216706
"openrp",1620825
"onepiece",1000729
"edc",1191882
"easter",9079958
"exok",2781418
"luhan",1495578
"sehun",1518869
"kai",1505092
"kris",1489970
"chen",1077978
"chanyeol",1311507
"baekhyun",1394884
"xiumin",1123951
"tao",1430686
"suho",1147651
"lay",1221086
"monster",4512833
"slammed",1995988
"stancenation",1395287
"hulk",1056568
"cutest",1971844
"same",1076260
"his",1992781
"spiderman",2165067
"sundayfunday",7234082
"facebook",5776607
"valentinesday",4871751
"newyear",6171900
"shades",3301729
"kpopshoutout",1080963
"doodles",1033574
"avengers",1171942
"zombies",1706436
"zombie",2738653
"halloween",21532548
"strange",1332801
"toys",2342726
"traffic",1901350
"trippy",1952594
"bowl",1035176
"prince",1376181
"metro",1252160
"practice",1747348
"bebe",1998314
"soleil",1269225
"bb",2222899
"texture",1040110
"90s",1594662
"blackcat",1218173
"redneck",1257952
"camo",2319858
"hunting",1758636
"guns",1153267
"deer",1344820
"shark",1015226
"awsome",2119993
"soproud",1114911
"instanesia",1394487
"instafollowers",1085162
"blackops2",1068128
"nintendo",1262879
"mario",1225219
"cod",1359209
"gta",1057210
"gtav",1119027
"gta5",1283617
"worship",1035614
"cross",3157041
"youth",1048008
"wwe",1555140
"wrestling",1204633
"ski",2304465
"snowboarding",1746422
"snowday",2024123
"snowboard",1376919
"skiing",1103521
"bear",3771905
"queens",1328935
"missit",2856314
"takemeback",3068669
"gayguy",1088827
"taken",1626124
"butterfly",2557136
"soon",3097043
"here",2456146
"darling",1078751
"tomorrow",3966956
"eid",1013810
"army",3175019
"jake",1121391
"ravens",1013147
"netherlands",1071494
"holland",1726376
"airplane",1811358
"montreal",2362126
"beachday",1092465
"monoart",1023395
"bwstyles_gf",1031082
"noir",1283440
"blackwhite",1142513
"blacknwhite",1228311
"amizade",1060330
"fiesta",2111474
"família",1648846
"venezuela",3508571
"myfriend",1001240
"mates",1144783
"buddy",1350974
"amigo",1309533
"noite",2121326
"toy",2495870
"till",1014487
"office",2695186
"idea",1043661
"lamp",1116464
"tower",1555550
"romantic",2576615
"illest",1138531
"neverforget",1159330
"rs",1594420
"squad",1186608
"police",1225364
"camaro",1006081
"13",2655962
"belgium",1292273
"redbull",2430861
"rebel",1200037
"barbie",2258069
"perf",1849960
"gymnastics",1422746
"dancers",1245719
"ballet",1736488
"fml",6013540
"kwt",2247389
"comic",1093281
"x",1493372
"birthdayparty",1084391
"second",1160998
"bangs",1134585
"asap",1244219
"hype",1107878
"drake",2929828
"ymcmb",1287012
"paul",1091003
"ironman",1467858
"tom",1004526
"superhero",1089280
"action",1439042
"cheer",2446336
"dancing",5145023
"flexible",1234588
"radio",1266302
"gross",2395860
"ew",3065236
"james",1266145
"zen",1009289
"mm",1120354
"ifunny",1036502
"fur",1254185
"hkiger",1299671
"winners",1099314
"learning",1163772
"fight",2204779
"champs",1218600
"win",4261145
"winner",2190206
"cheers",3611494
"smart",2608727
"mud",1054173
"cowgirl",1059855
"cowboy",1171549
"merica",2102635
"raybans",1301675
"instapics",1172415
"contest",1202460
"bigbang",2709249
"moto",1146730
"feels",1343979
"littlethings",1094723
"lwwy",1305721
"eleanorcalder",1222533
"lover",3261723
"lifeisgood",1478217
"godisgood",1797912
"lucky",2726460
"hustle",1136410
"late",6825337
"sam",1297074
"pier",1031219
"beachlife",1068256
"fridaynight",3685368
"obsessed",6339195
"obsession",1071188
"kitkat",1171171
"oreo",2485579
"hotchocolate",1698657
"brownie",1372738
"hipstamatic",1395138
"skating",1668431
"nomnomnom",2718590
"fries",1830010
"az",1017327
"clear",1412302
"military",1468380
"adventures",1082510
"maui",1034209
"ninja",1435373
"cycling",1305478
"bikes",1074003
"rideordie",1789299
"motocross",1034182
"mtb",1202325
"wildlife",1501830
"leaf",1623022
"saturday",19050927
"low",1217926
"likeaboss",2197410
"bts",1085180
"somuchfun",1399165
"gameday",1913603
"gdragon",1352085
"mad",2781655
"sment",1165817
"superjunior",1409793
"hospital",2198036
"universal",1012446
"utah",1272808
"puertorico",2729478
"nickiminaj",1747510
"zoo",3292543
"georgia",1548418
"penguin",1015258
"turtle",1804750
"coke",2628101
"corona",1479781
"whiskey",1133928
"peaceful",2608495
"ilovemyjob",1347404
"flow",1677438
"joker",1153760
"costarica",1174625
"john",1018462
"wings",2432665
"damn",2351434
"yep",1321294
"open",1052718
"owl",1963594
"spider",1052751
"movienight",1326924
"datenight",2696883
"niggasbelike",1254880
"xmas",6025461
"keepcalm",4711306
"tt",1174421
"ratchet",4586136
"teamnosleep",1002183
"turndownforwhat",1415337
"yup",2404232
"wanna",1381238
"better",1568908
"yourself",1181474
"jealous",2000649
"cheerleader",1220762
"cheerleading",1314268
"headband",1242387
"beyourself",1337564
"over",2483325
"clubbing",1186641
"girlsnight",2819478
"flashback",1981429
"bostonterrier",1298944
"pittsburgh",1124781
"reality",1449099
"toofunny",1491279
"sparkly",1462599
"superman",3046627
"serious",1822614
"skype",1528113
"facetime",1987714
"post",2403257
"mama",3043839
"infinite",1487837
"panda",2311649
"nolife",1139151
"weirdo",3108699
"lame",1975117
"imissyou",2740664
"dork",1192351
"allnatural",1243712
"mommy",5441968
"luv",2179791
"ben",1981376
"verano",1361875
"basket",1106756
"board",1724183
"number",1020673
"rugby",1353107
"cocacola",2483662
"piccollage",13665576
"foot",1395208
"pnw",1159754
"kikmessenger",1241794
"fb",1252340
"gm",3156148
"springbreak",3464721
"pregnant",1402847
"sound",1045433
"dontjudge",1219719
"seriously",1220444
"belly",1173141
"museum",2086229
"yankees",1058112
"relationship",2997980
"bae",1130157
"fab",1644095
"lovinglife",1795217
"cruise",2071371
"cocktails",2370568
"vacaciones",1688084
"interesting",1162805
"everyday",2637086
"september",1892219
"latte",1548072
"skateboard",2471256
"skatepark",1055229
"atx",1002491
"notes",1050682
"tap",2213796
"shots",3756427
"baller",1063120
"gun",1488439
"weddings",1062103
"ufc",1277097
"box",1633173
"fighting",1007752
"aww",3502589
"tonight",4850748
"everyone",2031993
"try",1095534
"nom",2806371
"happytummy",1004245
"bbq",5089323
"dodgers",1287087
"swing",1001875
"giants",1202957
"peru",1108219
"hbd",1686432
"test",1531883
"pa",1039142
"doctor",1121018
"mustang",1833787
"track",1864765
"golf",3197094
"mexican",4270610
"macklemore",1001503
"xo",1637699
"spa",1250141
"qualitytime",1282811
"instamessageapp",1178214
"parents",1855888
"hawt",1008979
"space",1836783
"buy",1299685
"weak",1122663
"crush",2680403
"ill",1736466
"wavy",1604601
"beyou",1054098
"tequiero",1472318
"mocha",1016537
"coffe",1297201
"caramel",1752347
"pancake",1006176
"muffin",1047628
"crystal",1023876
"turquoise",1105173
"sticker",1089739
"again",3649482
"almost",1340567
"20",2659647
"fisheye",1322382
"flash",1347194
"fuckyou",1351593
"imdone",1042564
"ctfu",1321657
"ha",2744065
"bullshit",1123140
"bestpic",1837885
"tanned",1605234
"instatag",1008521
"stickers",1220638
"bomb",4175859
"itunes",1055304
"cancun",1327451
"monday",7296451
"deutschland",1131993
"frog",1041537
"bunny",4143774
"happyholidays",1836591
"nigga",2457840
"jessica",1119413
"vote",1632648
"lakers",2098916
"snake",1704617
"omfg",1119067
"cantsleep",1979150
"dressup",1229260
"homies",1377166
"25",1308496
"30",1246886
"woo",1719612
"mcdonalds",4330952
"toocute",4374771
"ijs",1135521
"tru",1403980
"smh",4092017
"relationships",1586916
"thankgod",1157563
"elf",1497959
"danish",1401529
"international",1078473
"bus",3869798
"fotorus",7754991
"uniform",2241051
"madness",1026151
"fog",1567721
"cinnamon",1012018
"duck",1688379
"event",1460021
"flag",2049640
"married",1025163
"marryme",1198705
"jumper",1954974
"flying",1717886
"hunter",1029060
"cola",1221617
"coca",1017421
"pepsi",1078999
"ramen",1049085
"pumpkin",3071747
"aloha",1038436
"luck",1210715
"bap",1166225
"infinity",3254016
"namaste",1009657
"foto_italiane",1004468
"drinking",3370834
"toystory",1101003
"balance",1091893
"beers",1465145
"loveya",1728969
"airforce",1052371
"max",1724512
"photobooth",1499737
"lp",1371428
"foreveryoung",1410000
"fierce",1528631
"jayz",1582379
"effect",1850149
"bc",1109686
"aussie",1045961
"group",1081406
"kevin",1126435
"temple",1328826
"noedit",2557929
"babes",2322716
"wallpaper",1132912
"mummy",1208546
"aunt",1382086
"grandma",2835988
"felicidade",1197635
"sabado",1434039
"sotrue",5445435
"thestruggle",2700653
"icant",1002169
"pond",1023884
"dr",1396520
"10",2215418
"margarita",1164994
"tacos",1472529
"pit",1089833
"pitbulls",1020949
"pr",1195938
"havefun",1097884
"donuts",1406562
"teatime",1095706
"nerds",1168330
"sg",1299867
"twins",4597152
"mc",1458832
"boo",3627345
"alien",1036671
"fair",1781714
"addiction",2266960
"selfiesaturday",1030487
"truck",2169364
"igersvenezuela",1187904
"obama",1973136
"filipino",1173696
"igerspinoy",1006022
"pinay",1423517
"pinoy",1705985
"gangsta",1160950
"bestofday",1065424
"usmc",1005996
"pitbullsofinstagram",1022074
"dontbullymybreed",1225828
"playtime",1678374
"huge",1739457
"lovers",2265161
"birds",2022025
"xfactor",1513962
"2010",1327630
"casamento",1060414
"husband",3210816
"wife",2006685
"getting",2063368
"hubby",1933739
"countrymusic",1091193
"an",1444999
"er",1091198
"newhair",1441335
"askfm",1098743
"soo",1020770
"sommer",1673252
"marina",1160654
"macbook",1006960
"app",1673384
"emma",1163677
"bob",1398885
"instanight",1626025
"sweatshirt",1062099
"hahahaha",1138823
"brownies",1175658
"coming",1303092
"adventuretime",2150760
"memory",1246028
"oops",2138655
"foreveralone",3798275
"teddy",1083535
"pinklips",1019477
"thirsty",1695078
"saturdaynight",3766296
"happyhour",1553669
"19",1652178
"happybirthdaytome",1170038
"birthdayboy",1521589
"february",1897586
"listen",1162368
"cancer",1143530
"fotodeldia",1473158
"enjoying",1183485
"tistheseason",1236601
"decorations",1410572
"christmastree",3451742
"happyday",1836033
"insanity",1243411
"loveyourself",1115261
"buddies",1222370
"maybe",1400826
"justsaying",1253577
"1st",1128102
"gray",1876639
"bubble",1089042
"remember",1788525
"collage",4513595
"dtla",1005338
"buenosaires",1031251
"independent",1058275
"flight",1462024
"plane",2198906
"transformationtuesday",10645189
"iphoto",1064943
"ballin",1588177
"prettygirl",1207534
"happythanksgiving",1678984
"merry",2070523
"sculpture",1263874
"nostalgia",1183942
"babylove",1434882
"left",1012665
"på",1194687
"cantwait",6389234
"statue",1058118
"bestagram",1796610
"boredom",2754363
"senioryear",1574868
"reunion",1448244
"lion",1933344
"buddha",1117582
"fountain",1081755
"vain",1808840
"marathon",1071990
"wifey",1481027
"jusgramm",4469821
"than",1129854
"hes",1042688
"calor",2582478
"bath",2865892
"bathtime",1246842
"glow",1154753
"sofunny",1116125
"had",1336651
"dreads",1150081
"partytime",1971462
"tho",1174249
"cumple",1055530
"felicidad",1074610
"jk",4647114
"bless",1141926
"devil",1049657
"professional",1044066
"familyfirst",2300650
"miamiheat",1242641
"walkingdead",1355218
"twd",1293488
"ac",1021889
"xx",1019082
"buenasnoches",1053693
"sweetdreams",1364826
"arena",1125052
"girlfriends",1072115
"head",2021732
"sleepover",2692138
"bros",2009102
"womancrushwednesday",4410386
"dachshund",1350002
"sixflags",1078630
"tie",1482716
"redvelvet",1290470
"2011",3495433
"bobmarley",1835861
"marley",1043862
"iphonephoto",1028675
"pig",1416937
"minions",1698425
"minion",1634697
"musical",1079816
"plz",1027692
"karma",1068027
"8",2311382
"9",2681143
"olympics",1474947
"marchphotochallenge",1315037
"sandy",1197845
"breakingbad",1403329
"rage",1254713
"iloveher",3874351
"jelly",1059903
"fox",1546364
"ears",1041808
"instasplash",1550822
"turnt",1357209
"babys",1098698
"floor",1063233
"bromance",1109789
"daddysgirl",2260623
"misshim",2405138
"popcorn",1291043
"proudmommy",1045157
"awe",1029192
"happyeaster",2588353
"aha",1026097
"sista",1003508
"myprincess",1292368
"myman",1475053
"myson",1712989
"loveofmylife",3537855
"day3",2667887
"iwish",1128428
"citylife",1005377
"subway",2546187
"incredible",1130902
"lukebryan",1130122
"backstage",1089704
"photoofday",1458109
"photobomb",1725007
"bubbles",2122870
"relaxation",1302293
"14",1972961
"12",2464007
"15",2450184
"waffles",1000633
"justgirlythings",1018609
"pissed",1162754
"addicted",3452866
"beatiful",2231415
"semfiltro",1110422
"lovemyjob",1578173
"loving",2639067
"letsgo",3198939
"softball",1837350
"shoutmeout",1105854
"hairup",1055306
"niggas",1032008
"zebra",2350900
"cheetah",2338891
"tickets",1036140
"tribal",1019981
"happybday",1135482
"disco",1553283
"bonfire",1824072
"lil",1757854
"ofwgkta",1002173
"nervous",1090597
"feelinggood",1069968
"walmart",1541846
"nuffsaid",1167369
"niver",1075590
"tanning",3703609
"gn",1580537
"kw",1470249
"manama",1048541
"confidence",1017032
"october",4067767
"pumpkins",1064987
"trickortreat",1048172
"underground",1076164
"bffs",4069902
"sweg",1124083
"coco",1340054
"letsdothis",1044695
"kbye",1470054
"instafamily",1079873
"chocolates",1080672
"salsa",1042821
"tacobell",1367449
"q8instagram",2753301
"valencia",1363929
"leo",1715685
"vibe",1043400
"inspiring",1246651
"eww",1110127
"partyhard",1053294
"aprilphotochallenge",1820597
"instapretty",1129555
"daddy",3830124
"papa",1510211
"bonding",2460896
"date",2374727
"lola",1025623
"homecoming",3472557
"loveu",3557347
"newyearseve",2086092
"newyears",1678008
"instagramq8",1149892
"kuwaiti",1556252
"kuwaitinstagram",1337040
"giant",1024060
"won",1019777
"screenshot",1023139
"tongue",3641164
"headphones",1703253
"dreamcatcher",1018654
"chemistry",1032469
"mami",1086193
"being",1220407
"newcastle",1008157
"set",1101118
"grandpa",1339747
"missher",2576480
"iwant",1158054
"name",1811175
"nohomo",1054676
"wasted",1563528
"lateupload",1936217
"24",2020332
"wce",1301317
"wednesday",3946054
"relaxed",1343463
"blondes",1118630
"funday",3298319
"ig_israel",1256312
"chuva",1068019
"preguiça",1118722
"dormir",1009568
"instawow",1213981
"anyone",1229049
"naturalbeauty",1159350
"sinfiltro",1319728
"sosweet",1230788
"ilike",1226551
"nowplaying",1991995
"carnival",1311448
"domingo",2762956
"bandana",1053977
"keepcalmandcarryon",1355509
"whynot",1503893
"braces",2227305
"smiley",1508563
"greatday",1911570
"other",1091344
"goodluck",1165614
"januaryphotochallenge",1344230
"50",1050237
"keepcalmand____",1136079
"day4",1951306
"myboyfriend",1006083
"myboo",1377919
"allmine",1081414
"then",1206730
"alex",1419724
"heatnation",1320598
"comeback",1077778
"selfiesunday",8225212
"door",1335596
"livelife",1003910
"nosleep",1961888
"ferias",1227339
"st",1201290
"happymothersday",1062237
"instafan",1080167
"adore",1032102
"exciting",1002841
"countdown",1512536
"nye",3634169
"mybabies",1856314
"camp",2167430
"rise",1067923
"happysunday",1697043
"bliss",1392236
"kfc",1330164
"formal",1136794
"snacks",1250090
"monkey",2315499
"elephant",1439624
"laughter",1305309
"awkward",3301179
"creep",1007990
"missing",2658436
"tradition",1129884
"marchphotoaday",1235080
"spongebob",3245958
"troll",1024877
"twin",2334668
"twinning",1710252
"trabalho",1175034
"homesweethome",2635682
"picnic",1053096
"catwang",1136125
"cansada",1176289
"genius",1006483
"hacked",4687979
"saudade",1354116
"ted",1022808
"spikes",1027598
"edited",1082789
"funinthesun",1061876
"iloveit",3269023
"laamo",1161166
"instafame",1690097
"myboys",1878452
"greek",1116961
"gametime",1018324
"tia",1070018
"flappybird",1696531
"soexcited",2255103
"freezing",2299730
"colorsplurge",1432472
"piccells",1298099
"instapicframes",1465558
"hangover",1694545
"soulmate",1094439
"inside",1013881
"social",1002264
"churchflow",1211099
"pinterest",1073952
"goodfood",1411853
"studs",1855242
"skulls",1155662
"jamaica",1472909
"priceless",2558833
"womencrushwednesday",1795653
"allstar",1196023
"cuteness",1629928
"laptop",1069884
"primas",1166541
"maine",1019854
"station",1058376
"blah",3953920
"lunchtime",1455031
"sqn",2780825
"july",2184597
"drama",1655889
"hungover",1170832
"dirty",2334382
"mr",1395129
"littlebrother",1608069
"woohoo",1098178
"ig_kids",1171742
"sigh",1015303
"nandos",1059773
"problems",1387668
"swiss",1103895
"beerpong",1018287
"dreaming",1015392
"fofa",1043187
"cheeky",1564582
"pjs",1624284
"lazyday",2297689
"naptime",2170213
"nola",1332081
"funnight",2181194
"greatnight",1554541
"hurry",1012814
"june",1709637
"peach",1285857
"teal",1011281
"momma",1199166
"loamo",1214036
"day5",1911842
"watching",1721858
"netflix",1380318
"dontjudgeme",1835945
"background",1028661
"august",1651858
"instagram_kids",1080233
"creeper",1032295
"exhausted",1585497
"med",1268470
"ciroc",1037148
"uncle",1759327
"longday",1735562
"omnomnom",1135525
"alive",1018450
"allsmiles",1704419
"double",3264243
"meh",1006029
"bleh",1093748
"byme",1000084
"backyard",1512132
"mallorca",1047044
"bigboy",1441846
"minime",1344708
"mancrushmonday",5463673
"happymonday",1183960
"lovingit",1060640
"karaoke",1100038
"stuck",1035255
"pure",1130135
"happyhalloween",2310490
"bigbrother",1195279
"littlesister",1560075
"jw",1910717
"pinquotes",1734940
"dayoff",2645031
"noschool",1486099
"mce",1109927
"sign",1816834
"fav",1867692
"ighub",1482852
"awesomeness",1413446
"idgaf",2090484
"mondays",1085640
"anchor",1116505
"november",2657957
"december",5203077
"auntie",1162520
"newshoes",1046272
"mybestfriend",1751823
"mancandymonday",2000546
"bejealous",1223548
"tuesday",4383267
"cutiepie",1784341
"sweetheart",1465692
"wecute",2035798
"lastday",1575619
"aw",3393100
"carnaval",3073781
"patrick",1006875
"mustache",1771906
"jaja",1152128
"godson",1092843
"2009",1473186
"chipotle",1019171
"bowling",1795203
"alaska",1078256
"2008",1121296
"budlight",1096997
"np",1912657
"300",1050781
"making",1031603
"dressedup",1054062
"plaid",1103068
"mwah",1114650
"trouble",1046148
"suck",1016591
"fwm",1449201
"close",1074342
"pajamas",1020577
"onesie",1222615
"jajaja",1007530
"lalala",1222962
"mextagram",1009818
"febphotoaday",1113063
"matching",1983284
"humpday",2062353
"hangout",1282205
"lovelovelove",1752925
"losers",1001431
"notmine",1054824
"meangirls",1205540
"mysister",1093778
"day9",1172279
"mynigga",1303038
"earlymorning",1047019
"mybirthday",1095144
"cray",1015101
"4ever",1056009
"myview",2621897
"day8",1241416
"picstich",2102215
"chilled",1007280
"iloveu",1112524
"cuddling",1069173
"donthate",1183460
"werk",1086325
"duckdynasty",1004932
"cousinlove",1068010
"hotties",1261089
"coolin",1607697
"day12",1025787
"day10",1175039
"sissy",1219018
"allday",1915103
"weirdos",1231612
"bittersweet",1039058
"mess",1442000
"buenosdias",1052376
"beaut",1061137
"heineken",1044964
"charlie",1106350
"day7",1485740
"ilovethem",1297435
"s2",1176690
"growingup",1205394
