"Id","Label","name","description","followers_count","statuses_count","friends_count","created_at","location","lang","time_zone","status.id_str","status.created_at","status.text"
"112448318","BJPolS","British Jnl Pol Sci","British Journal of Political Science from Cambridge University Press.",8720,3563,379,"Mon Feb 08 14:52:14 +0000 2010","Cambridge","en","London","925314776305152000","Tue Oct 31 10:53:28 +0000 2017","#FirstView - The Measurement of Real-Time Perceptions of Financial Stress: Implications for Political Science‚Ä¶ https://t.co/v7bp8LgcsV"
"1137637033","AJPS_Editor","AJPS","American Journal of Political Science",7014,506,64,"Thu Jan 31 18:42:30 +0000 2013","","en","Eastern Time (US & Canada)","925453592240295942","Tue Oct 31 20:05:05 +0000 2017","Everything to Everyone Electoral Consequences of Broad-Appeal Strategy in Europe https://t.co/ZyoXP7oAJF  via @AJPS_Editor #AJPSVirtualIssue"
"114865774","USCGouldLaw","USC Gould Law","A top-20 law school, USC Gould offers students a world-class education and unparalleled opportunities.",5638,6688,2267,"Tue Feb 16 21:24:55 +0000 2010","Los Angeles, CA","en","Pacific Time (US & Canada)","925483207260192768","Tue Oct 31 22:02:45 +0000 2017","RT @vanessablum: Love this Twitter debate btwn @isamuel (@Harvard_Law @FirstMondaysFM) &amp; @OrinKerr (@gwlaw @USCGouldLaw). Scholarly joustin‚Ä¶"
"116630713","monkeycageblog","Monkey Cage","H.L. Mencken said: ""Democracy is the art of running the circus from the monkey cage."" We do political science and politics. Tweets by bot.",39323,18731,411,"Tue Feb 23 03:53:00 +0000 2010","","en","Central Time (US & Canada)","925317522764820480","Tue Oct 31 11:04:23 +0000 2017","Chief Justice Roberts and other judges have a hard time with statistics. That‚Äôs a real problem https://t.co/gTNpPurF63"
"1180479770","jaj7d","Jeff Jenkins","Provost Professor of Public Policy, Political Science, and Law. @USC
Director, @BedrosianCenter",70,10,79,"Thu Feb 14 22:26:28 +0000 2013","Los Angeles, CA","en","Eastern Time (US & Canada)","917420870447931393","Mon Oct 09 16:05:55 +0000 2017","A little bit about my PIPE initiative at USC.  I'm really excited about it.  https://t.co/9t3kV2NkAr"
"119679411","EPSRjournal","Euro Pol Sci Review","European Political Science Review, the new journal from ECPR and Cambridge University Press",7402,2638,189,"Thu Mar 04 09:44:16 +0000 2010","","en","London","925307903975788544","Tue Oct 31 10:26:10 +0000 2017","MT @KingsDMES: .@ferdinandeibl &amp; @lynge_mangueira - the effects of democratization on political budget cycles https://t.co/0aqPHM0ckw"
"119682506","InternatlTheory","International Theory","International Theory - A journal of International Politics, Law and Philosophy",6938,3038,353,"Thu Mar 04 10:00:18 +0000 2010","","en",NA,"925410894984744965","Tue Oct 31 17:15:25 +0000 2017","MT @CUP_PoliSci: In 2018, the @EIAJournal editors are interested in articles that address these topics:‚Ä¶ https://t.co/pt7PHti9rx"
"1222983870","GovInnovations","Innovation @ Harvard","The Government Innovators Network at The Harvard Kennedy School, housed at the Ash Center for Democratic Governance and Innovation.",2201,1863,1300,"Tue Feb 26 21:28:24 +0000 2013","Harvard Kennedy School","en","Pacific Time (US & Canada)","925424635902136324","Tue Oct 31 18:10:01 +0000 2017",".@OhioState to Make College Tuition-free for Low and Moderate Income Residents üéì https://t.co/U6YdywUTeJ"
"122517396","USCDornsife","USC Dornsife","USC Dornsife is the academic heart of the University of Southern California, offering courses across the humanities, social sciences and sciences.",6555,8612,1697,"Sat Mar 13 00:25:15 +0000 2010","Los Angeles, CA","en","Pacific Time (US & Canada)","925476361195610113","Tue Oct 31 21:35:33 +0000 2017","RT @USCMidEast: Wed (11/15) @USCViterbi's Najmedin Meshkati and @USC_SIR's Andrew Coe talk #Iran #NuclearDeal under the #Trump administrati‚Ä¶"
"1265031758","USC_Soci","USC Sociology","A department with a proud history, our faculty includes some of the leading sociologists across multiple/diverse fields. RTs not endorsements. 
Let's tweet!",629,477,446,"Wed Mar 13 17:42:34 +0000 2013","Hazel Stanley Hall 314","en",NA,"923236285921112064","Wed Oct 25 17:14:18 +0000 2017","https://t.co/KnIFd7MblR"
"1327567483","SPSAnews","SPSA","Improving Research and Education in the Field of Political Science. Retweet does not equal endorsement.",1138,117,1643,"Thu Apr 04 18:37:52 +0000 2013","Atlanta , GA","en","Atlantic Time (Canada)","920004858152964096","Mon Oct 16 19:13:45 +0000 2017","The 2018 SPSA Preliminary Program is now available!  Find the who, what and when by downloading your copy from: https://t.co/mJ5XIy3yRm"
"13393052","ACLU","ACLU","The American Civil Liberties Union is a nonprofit, nonpartisan, legal and advocacy organization devoted to protecting the rights of everyone in America.",1356983,37054,5683,"Tue Feb 12 16:27:34 +0000 2008","All 50 states","en","Eastern Time (US & Canada)","925485031904161792","Tue Oct 31 22:10:00 +0000 2017","We're proud of Aidan for sticking up for himself and other transgender students. Hear more on @TODAYshow: https://t.co/EQLGhzqTk3"
"135469780","europsa","EPSA","European Political Science Association",5158,239,27,"Wed Apr 21 11:44:22 +0000 2010","Europe","en","Dublin","923234686628851712","Wed Oct 25 17:07:56 +0000 2017","Latest news: EPSA 2019 will take place in Belfast, 20-22 June 2019. Belfast: The new hip city!... https://t.co/JJr2Hx1dnT"
"1362094614","USCHistory","USC History Dept. ‚úåÔ∏è","USC Department of History. Fight On! Follow for updates on happenings on campus & across the globe. [RT's are not endorsements.] Like us on Facebook!",601,2106,291,"Thu Apr 18 14:45:41 +0000 2013","3520 Trousdale Pkwy, LA, 90089","en","Arizona","923973994402922496","Fri Oct 27 18:05:41 +0000 2017","Want to go to New Mexico for FREE? Apply #TODAY for ""HIST 498: Women, Culture, &amp; History in New Mexico, 1500-Presen‚Ä¶ https://t.co/pCn1CPMc56"
"14926475","raykwong","Ray Kwong","Runner. US/Asia consultant. USC US China Institute senior advisor. HKEJ columnist. Forbes, https://t.co/zCbmDbKZrH contributor. Beer snob. #ENDALZ",37143,37694,6611,"Tue May 27 22:31:09 +0000 2008","Pacific Rim","en","Pacific Time (US & Canada)","925461327853764608","Tue Oct 31 20:35:49 +0000 2017","Los Angeles: Historic freeway, the first in the western US, gets Dodger blue makeover. #Dodgers #WorldSeries2017 https://t.co/6Fas9UTIJf"
"1539652057","RodAlbuyeh","Rod Albuyeh","Political scientist by day, musician and yogi by night.",35,1,80,"Sat Jun 22 22:27:47 +0000 2013","Los Angeles, CA","en",NA,"712787111938633730","Wed Mar 23 23:44:25 +0000 2016","Generally I avoid being an early adopter of new tech but this is too good to defer immediate gratification.   https://t.co/G8W0q7USTd"
"15442036","SenatorBoxer","Sen. Barbara Boxer","U.S. Senator Barbara Boxer of California.",132114,2230,155,"Tue Jul 15 16:02:13 +0000 2008","Washington, D.C.","en","Eastern Time (US & Canada)","816335257779785728","Tue Jan 03 17:27:46 +0000 2017","This will be my last tweet from @SenatorBoxer but if you want to keep following me, I'll be fighting from @BarbaraBoxer."
"154638135","USCRELIGIOUSLIF","USC Religious Life","University of Southern California  -Office of Religious Life - Fostering a vibrant university community of spiritual reflection and free inquiry.",645,722,420,"Fri Jun 11 20:10:02 +0000 2010","Los Angeles, CA","en","Pacific Time (US & Canada)","925078648662630400","Mon Oct 30 19:15:11 +0000 2017","Islam, Hip Hop &amp; Prisons: A discussion with Author/Professor SpearIt
https://t.co/1DyWzMJhWy"
"15579774","4entrepreneur","Jay Maharjan","Founder @explorenano Region Champion, WH initiative @startupamerica. @pittstate @artcenteredu @druckerschool @uscprice RTs, comments ‚â† endorsement",15821,12531,847,"Thu Jul 24 10:17:00 +0000 2008","Las Vegas, Los Angeles, DC","en","Pacific Time (US & Canada)","925133494136606721","Mon Oct 30 22:53:07 +0000 2017","RT @DeanYortsos: Promoting convergence of Bioscience and Engineering- a marvelous new building for new discovery. Can‚Äôt wait for its openin‚Ä¶"
"15754281","USATODAY","USA TODAY","The latest news and most interesting stories from USA TODAY. News that's meant to be shared.",3498192,228492,463,"Wed Aug 06 19:55:31 +0000 2008","USA TODAY HQ, McLean, Va.","en","Eastern Time (US & Canada)","925492633056792581","Tue Oct 31 22:40:13 +0000 2017","RT @BrettMmurphy: Reporting from the possible address of NYC terrorist suspect in Tampa. News people but no police yet. @USATODAY https://t‚Ä¶"
"15780295","USC_Research","USC Research","Blinding you with science! 
Research account of @USC, managed by USC Central Communications; Questions? Email: uscnews@usc.edu; RTs ‚â† Endorsements",5492,2923,2142,"Fri Aug 08 17:16:39 +0000 2008","Los Angeles","en","Pacific Time (US & Canada)","925449614966136833","Tue Oct 31 19:49:16 +0000 2017","Hacking cancer, predicting heart attacks, mapping memory - all happening @USC's Michelson Hall:‚Ä¶ https://t.co/23w0WrL6iE"
"161475427","USCMarshall","USC Marshall","The official Twitter account of the USC Marshall School of Business #USCMarshall | Instagram @USCMarshall",6672,1993,667,"Wed Jun 30 23:28:31 +0000 2010","Los Angeles","en","Pacific Time (US & Canada)","925443091070201856","Tue Oct 31 19:23:21 +0000 2017","Happy Halloween! https://t.co/WcK7KGRR0a"
"16196492","NCSLorg","NCSL","Official Twitter feed of the National Conference of State Legislatures. Stay current w/ latest news for Legislators & Staff. Est. 1975. https://t.co/6mXhZ4FOvv",17938,19113,9460,"Tue Sep 09 02:29:59 +0000 2008","Denver, CO | Washington, DC","en","Eastern Time (US & Canada)","925459957256019969","Tue Oct 31 20:30:22 +0000 2017","#NCSLpodcast: 5 cases #SCOTUS put on its docket for the current term could have significant impact on states.‚Ä¶ https://t.co/ZspvqNdbYU"
"165785792","jasongiannaros","Jason Giannaros","Former organizer and Senate staffer, current PhD Student of ~life~...and also political science.",29,51,77,"Mon Jul 12 14:52:04 +0000 2010","Los Angeles, CA","en",NA,"918959311253942272","Fri Oct 13 21:59:07 +0000 2017","RT @ByYourLogic: Trump's presidential portrait should be done by R Crumb. no one else can capture him"
"16664681","latimes","Los Angeles Times","News from Los Angeles and the world. Staffed by http://t.co/zb8HyvYyAJ editors.",3091218,182251,10670,"Thu Oct 09 11:07:42 +0000 2008","Los Angeles, CA","en","Pacific Time (US & Canada)","925492617584005120","Tue Oct 31 22:40:09 +0000 2017","This World Series deserves a Game 7. https://t.co/SKJC9e3oLE https://t.co/oZYMCzP59s"
"17358750","ericgarcetti","Eric Garcetti","Angeleno. Public Servant. Mayor. 
Garcetti for Mayor 2017 account - not paid for, sponsored by, or hosted by city of L.A. Tweets from Mayor Garcetti signed EG.",240879,5111,1949,"Thu Nov 13 05:36:42 +0000 2008","Los Angeles","en","Pacific Time (US & Canada)","925434511654916096","Tue Oct 31 18:49:15 +0000 2017","I am proud to help launch Accelerator for America, a nonprofit to connect Americans with fulfilling jobs. Sign up: https://t.co/4EhIfR57M2"
"180898368","annenberglab","AnnLab","The USC Annenberg Innovation Lab is a curious, creative and committed Think & Do Tank helping media and technology to work for humans - not against us.",3053,4655,1007,"Fri Aug 20 19:45:17 +0000 2010","Los Angeles, California","en","Arizona","925137718031499264","Mon Oct 30 23:09:54 +0000 2017","RT @azzyarmagan: .@eveewing: ‚Äúart allows us to enter the lives of those people who have been most harmed by this administration‚Äù. Challenge‚Ä¶"
"18122308","maristpoll","Marist Poll","Founded in 1978, MIPO is home to the Marist Poll and regularly measures public opinion, both in New York State and across the country.",12641,1495,509,"Sun Dec 14 20:37:44 +0000 2008","Poughkeepsie, NY","en","Central Time (US & Canada)","925074864611954690","Mon Oct 30 19:00:09 +0000 2017","ICYMI: The latest ""Poll Hub"" episode: Covert Russian Ops on Social Media
https://t.co/xTS7hu1vKO"
"1852171094","MPSAnet","MPSA","Midwest Political Science Association - dedicated to the advancement of scholarship in all areas of political science. (RT ‚â† Endorsement)",10327,5119,2985,"Tue Sep 10 18:19:08 +0000 2013","#MPSA18 - April 5-8 Chicago","en","Atlantic Time (Canada)","925464941611638784","Tue Oct 31 20:50:11 +0000 2017","More Guns, Less Replication: The Case for Robust Research Findings https://t.co/IpiUOsIw6C via @MPSAnet"
"18652755","dailytrojan","Daily Trojan","The student-run newspaper of the University of Southern California since 1912. Follow @DT_Sports for sports news and https://t.co/ASxRYJkekS for more media.",34596,13646,300,"Tue Jan 06 00:07:10 +0000 2009","USC, Los Angeles, CA","en","Pacific Time (US & Canada)","925447970920611840","Tue Oct 31 19:42:44 +0000 2017","RT @dailytrojan: In a letter to the Daily Trojan, Erick Guerrero's lawyer said investigators committed ""egregious violations."" https://t.co‚Ä¶"
"18685292","USC_CCLP","USC Annenberg CCLP","@USCAnnenberg Center (CCLP) connecting high¬≠-impact scholarship to policy change. Focusing on media & democracy, the future of journalism, and @CivicTechUSC.",2136,7168,1161,"Tue Jan 06 17:28:34 +0000 2009","Los Angeles, CA","en","Pacific Time (US & Canada)","923296025946734593","Wed Oct 25 21:11:41 +0000 2017","In three hours: our event with Ambassador Thomas Pickering on the Iran Nuclear Deal! Don't miss it! https://t.co/Vx5pErQXek"
"186894716","polanalysis","Political Analysis","",8624,691,3290,"Sat Sep 04 18:01:58 +0000 2010","","en",NA,"922482345231265793","Mon Oct 23 15:18:24 +0000 2017","There's a new @polanalysis virtual issue available!  Eight fantastic papers, all free access online for 6 months. https://t.co/OhWFaqYmKC"
"1926061039","JordanCarrP","Jordan Carr Peterson","PhD Candidate, University of Southern California Political Science; JD, University of Florida; researching political institutions and administrative politics",125,61,410,"Wed Oct 02 07:35:04 +0000 2013","Los Angeles, CA","en",NA,"920333038084554754","Tue Oct 17 16:57:49 +0000 2017","RT @AnxiousLawyer: [Podcast] RL 54: Adam Feldman ‚Äî Gender Dynamics &amp; Interruptions between the Supreme Court Justices https://t.co/8RteeoxM‚Ä¶"
"19265186","USCRossier","USC Rossier","The mission of the USC Rossier School of Education is to improve learning in urban education locally, nationally and globally.",6286,10760,3064,"Tue Jan 20 23:44:29 +0000 2009","Los Angeles, CA","en","Pacific Time (US & Canada)","925471967787999232","Tue Oct 31 21:18:06 +0000 2017","RT @DelphiEdu: Could postdoc unions be the next big thing in collective bargaining among academics? https://t.co/Oo9F8FDak9 #DephiProject"
"193919217","USCeasc","USC EASC","The University of Southern California East Asian Studies Center leads and supports education, research, and community outreach concerning East Asia.",734,921,165,"Thu Sep 23 00:05:20 +0000 2010","Los Angeles, CA","en","Arizona","925140302645444608","Mon Oct 30 23:20:11 +0000 2017","Global East Asia, upcoming events and schlorarship opportunity in our current newsletter! #USCEASC https://t.co/hKRIJJwIag ‚Ä¶"
"19418459","JerryBrownGov","Jerry Brown","On Facebook at: http://t.co/ZhAotX27jb",1135940,2154,35,"Fri Jan 23 22:42:45 +0000 2009","California","en","Pacific Time (US & Canada)","924323549979992064","Sat Oct 28 17:14:42 +0000 2017","Today we mourn everyone we lost in the Northern CA Fires. #DayofRemembrance https://t.co/Bb3tiMtbBW"
"19809471","USC","USC","The official Twitter account of the University of Southern California. #USC | #FightOn! Instagram: USCedu",132321,19289,2736,"Sat Jan 31 08:33:13 +0000 2009","Los Angeles, CA","en","Pacific Time (US & Canada)","925456179177783296","Tue Oct 31 20:15:21 +0000 2017","RT @USC_Research: Hacking cancer, predicting heart attacks, mapping memory - all happening @USC's Michelson Hall: https://t.co/j2SkHdsRtF @‚Ä¶"
"201321992","USCPOSC","USC PoliticalScience","Political Science Department at the University of Southern California-- follow us for info on new events, internships, and the latest polysci news!",618,254,29,"Mon Oct 11 16:04:55 +0000 2010","Los Angeles, CA","en",NA,"920436390327980032","Tue Oct 17 23:48:30 +0000 2017","https://t.co/YKDuOp5Tzr"
"20791157","LearCenter","Norman Lear Center","Studying & Shaping the Impact of Entertainment & Media on Society. Based at @USCAnnenberg School for Communication and Journalism.",6041,7999,2411,"Fri Feb 13 18:07:06 +0000 2009","Los Angeles, CA","en","Pacific Time (US & Canada)","925156114852909059","Tue Oct 31 00:23:01 +0000 2017","RT @HollywdHealth: ""Any story that we tell that might save lives... is a humbling endeavor."" - #GreysAnatomy @KellyMcCreary @GreysMedical #‚Ä¶"
"217543151","SenatorTimScott","Tim Scott","Official account of U.S. Senator Tim Scott. Honored to represent the great state of South Carolina. RTs and follows dont equal endorsements. #OpportunityAgenda",265823,6594,3942,"Fri Nov 19 20:34:30 +0000 2010","South Carolina","en","Eastern Time (US & Canada)","925459438449971200","Tue Oct 31 20:28:18 +0000 2017","Prayers with those killed and injured in NYC and their families."
"218717865","kyuripark1","Kyuri Park","Î∞ïÍ∑úÎ¶¨ (Êú¥Áè™Âà©) Ph.D student of Political Science and Intl Relations @USC, @Georegetown @asianstudiesgu grad and @EwhaWomansUniv alumna / kyuripar@usc.edu",107,125,123,"Tue Nov 23 02:34:33 +0000 2010","Seoul,Korea","en","Pacific Time (US & Canada)","923669246940299264","Thu Oct 26 21:54:44 +0000 2017","RT @USCKSI: KSI Grad affiliate &amp; @USC_SIR PhD student, Kyuri Park co-authored an article in the journal International Politics. https://t.c‚Ä¶"
"22803482","USCLibraries","USC Libraries","The USC Libraries actively support the discovery, creation, and preservation of knowledge at the University of Southern California and beyond.",10268,10725,227,"Wed Mar 04 17:28:32 +0000 2009","Los Angeles, California","en","Pacific Time (US & Canada)","925472962890825729","Tue Oct 31 21:22:03 +0000 2017","Mark Twain sitting on a porch, cigar in hand.

From our Hamlin Garland collection, digitized with @NHPRC support:‚Ä¶ https://t.co/t67verxLBq"
"2303751216","FiveThirtyEight","FiveThirtyEight","The home of Nate Silver's FiveThirtyEight on Twitter. Politics, Economics, Science, Life, Sports.",917280,45497,240,"Tue Jan 21 21:39:32 +0000 2014","New York, NY","en","Eastern Time (US & Canada)","925490071154733056","Tue Oct 31 22:30:02 +0000 2017","Trump's nominee for NASA Chief has said that there‚Äôs no credible evidence that CO2 affects the global climate. https://t.co/gPVSyCqAwd"
"239935774","CSII_USC","CSII USC","Center for the Study of Immigrant Integration at USC remakes narratives for understanding & shaping dialogue on immigrant integration.  @PERE_USC, @Prof_MPastor",1597,3467,890,"Tue Jan 18 19:44:18 +0000 2011","Los Angeles","en","Pacific Time (US & Canada)","923985205576261637","Fri Oct 27 18:50:14 +0000 2017","RT @USC: Undocumented Californians and the future of the Golden State https://t.co/oqsvWOXJ8Y @Prof_MPastor writes in @BoomCalifornia"
"2420108113","adambbadawy","Adam Badawy","PhD student at USC. Interested in Networks, Computational Social Science , NLP, Machine Learning and Social Media.",77,343,361,"Mon Mar 31 06:25:51 +0000 2014","Los Angeles, CA","en","Pacific Time (US & Canada)","925417518134542336","Tue Oct 31 17:41:44 +0000 2017","RT @geniia_iakhnis: Beautiful (and crystal clear) explanation of hierarchical models #beautifulstats https://t.co/kx3DJZAaXL"
"243214507","christiangrose","Christian Grose","Author, Congress in Black & White: Race & Representation in Washington & at Home; Director, Political Science & Intl. Relations, U. of Southern California.",1605,6218,1411,"Wed Jan 26 15:22:13 +0000 2011","Los Angeles, CA","en","Pacific Time (US & Canada)","924737883042230272","Sun Oct 29 20:41:06 +0000 2017","RT @patsellers: Great visualization of press secretaries since Clinton. https://t.co/njwun5DoSQ"
"24367478","taylordalton","Taylor Dalton","",128,981,393,"Sat Mar 14 13:26:25 +0000 2009","California","en","Pacific Time (US & Canada)","922341721782013952","Mon Oct 23 05:59:37 +0000 2017","Trying out @theTunnelBear so I can browse privately from my ISP. https://t.co/9ZvhiGes4L https://t.co/mS9zvxUjJw"
"2467791","washingtonpost","Washington Post","Tweet-length breaking news, analysis from around the world. Founded in 1877. Follow our journalists on Twitter: https://t.co/VV0UBAMHg8",11430556,244907,1446,"Tue Mar 27 11:19:39 +0000 2007","Washington, DC","en","Eastern Time (US & Canada)","925492600567685120","Tue Oct 31 22:40:05 +0000 2017","Record-shattering Virginia fundraising leaves candidates neck-and-neck in money race https://t.co/dKUxl2Xokd"
"24907127","USCShoahFdn","USC Shoah Foundation","Dedicated to making audio-visual interviews w/ survivors & witnesses of the Holocaust & other genocides a compelling voice for education & action. #BeginsWithMe",10562,11501,2774,"Tue Mar 17 16:26:29 +0000 2009","Los Angeles","en","Pacific Time (US & Canada)","925481357454610432","Tue Oct 31 21:55:24 +0000 2017","RT @DUnknownfilm: The @Observer looks at what makes #DestinationUnknown so relevant today. https://t.co/7Ex3G07eeF @USCShoahFdn https://t.c‚Ä¶"
"25999985","_abuelbanat","Youssef Chouhoud","PhD Candidate, PoliSci, @USC. Iskandarani and Brooklynite, current location notwithstanding. When you see me, offer me tea: https://t.co/PBBzzrRHou",2902,10340,1126,"Mon Mar 23 13:29:07 +0000 2009","Los Angeles | Cairo","en","Pacific Time (US & Canada)","925154021677023232","Tue Oct 31 00:14:41 +0000 2017","Game theory funnies are the best kind of funnies. https://t.co/FEbfWmsLS5"
"2616092568","fancis30","Fanny Cisneros","",34,179,277,"Thu Jul 10 20:35:30 +0000 2014","","en",NA,"925452580007714817","Tue Oct 31 20:01:03 +0000 2017","RT @Dodgers: #ThisTeam // #WorldSeries Game 6:
Taylor CF
Seager SS
Turner 3B
Bellinger 1B
Puig RF
Pederson LF
Forsythe 2B
Barnes C
Hill P h‚Ä¶"
"262846232","CUP_PoliSci","CUP Politics","The latest in political science and international relations research from Cambridge University Press's books and journals",11844,6554,1685,"Tue Mar 08 21:51:41 +0000 2011","","en","Eastern Time (US & Canada)","925417374764994562","Tue Oct 31 17:41:10 +0000 2017","RT @PSRMJournal: Do citizens prefer attitude-consistent political information? @TJRyan02 https://t.co/e4zzQrXJ52 https://t.co/SZSrunZ5ko"
"27298118","BobShrum","Robert Shrum","Carmen H. and Louis Warschaw Chair in the Practice of Politics at USC. Director of the Unruh Institute of Politics. Longtime Democratic strategist.",11956,8875,529,"Sat Mar 28 20:08:27 +0000 2009","Los Angeles","en","Eastern Time (US & Canada)","925492022001025024","Tue Oct 31 22:37:47 +0000 2017","I wish there had been two President Kennedy‚Äôs. https://t.co/ajLOmniIs6"
"274027851","PolStudiesAssoc","PSA","Founded in 1950, The Political Studies Association exists to develop and promote the global study of politics",10794,9711,4201,"Tue Mar 29 15:51:35 +0000 2011","London, UK","en","London","925356271586463746","Tue Oct 31 13:38:22 +0000 2017","RT @psa_parl: How should you reference parliamentary material? Take a look at our guide, by @LouiseVThompson &amp; @estrangeirada https://t.co/‚Ä¶"
"27998807","VisionsnVoices","USC Visions & Voices","Official Twitter of USC Visions and Voices: The Arts and Humanities Initiative. Admin: @mariezpz",4209,5293,940,"Tue Mar 31 23:51:05 +0000 2009","Los Angeles, CA","en","Pacific Time (US & Canada)","924015165623869440","Fri Oct 27 20:49:17 +0000 2017","RT @hmcharg: For our #Biohorror event next week with @visionsnvoices an illustration from our usclibraries‚Ä¶ https://t.co/5YjwgVLjsu"
"28220795","USCAnnenberg","USC Annenberg","USC Annenberg is among the nation‚Äôs leading institutions devoted to the study of journalism, communication, public relations and public diplomacy",18689,10591,2006,"Wed Apr 01 23:04:17 +0000 2009","Los Angeles, CA","en","Pacific Time (US & Canada)","925442243208536064","Tue Oct 31 19:19:59 +0000 2017","RT @MDSCInitiative: When it comes to inclusion, Dr. Stacy Smith says Hollywood loves to engage in adventures in missing the point. #ascj ht‚Ä¶"
"284173293","USCWrigleyInst","USC Wrigley Inst.","The Wrigley Institute is USC's hub for environmental research, education and outreach.",678,538,247,"Mon Apr 18 19:33:45 +0000 2011","","en","Pacific Time (US & Canada)","925050239546949632","Mon Oct 30 17:22:18 +0000 2017","Sustainability Seminar TODAY: Ravi Kanbur, 6pm. Co-sponsored by WIES, @USCPrice @USCESA and @GovArnoldUSC !‚Ä¶ https://t.co/mQE0RPxRlK"
"28450231","USCViterbi","USC Viterbi School","The USC Viterbi School of Engineering is ranked among the top engineering schools worldwide. Talk to us on Facebook: http://t.co/83VSxeR2Mi.",9428,4943,1164,"Thu Apr 02 23:45:06 +0000 2009","Los Angeles, CA","en","Pacific Time (US & Canada)","925377454247518209","Tue Oct 31 15:02:32 +0000 2017","Fun fact: @USC_ISI internet legacy includes #Dodgers blue  https://t.co/xv5NYao9Jc"
"2860876290","PSQ_CSPC","PSQ","The only scholarly journal that focuses on all aspects of the #presidency. Published quarterly by the Center for the Study of the Presidency & Congress.",522,490,1362,"Fri Oct 17 18:10:03 +0000 2014","Texas A&M University","en","Central Time (US & Canada)","925377705658511362","Tue Oct 31 15:03:32 +0000 2017","RT @OurPresidents: #HappyHalloween! For Halloween 1974, Betty Ford set up a spooktacular prank for President Ford in his White House study.‚Ä¶"
"2888393596","PSA_APG","American_Politics","Twitter feed for the American Politics Specialist Group of @PolStudiesAssoc.",918,419,1452,"Sat Nov 22 21:30:48 +0000 2014","UK","en-gb","Pacific Time (US & Canada)","906543753753755649","Sat Sep 09 15:44:08 +0000 2017","Closing date for APG travel awards is September 30th. DM or email americanpoliticsgroup@gmail.com for more details!"
"2929717275","The_JOP","Journal of Politics","The JOP is the flagship journal of the SPSA, published by the University of Chicago Press.",1422,121,176,"Thu Dec 18 16:06:43 +0000 2014","University of Southern California","en","Eastern Time (US & Canada)","895012959554080768","Tue Aug 08 20:04:52 +0000 2017","RT @AGTheodoridis: Super excited that my article ""Me, Myself, and (I), (D), or (R)?"" is now online @The_JOP! 
https://t.co/O6S5qU3Yni"
"2936330030","mdrakereitan","M Drake Reitan","writer, educator, fl√¢neuse",381,585,401,"Fri Dec 19 17:55:50 +0000 2014","Los Angeles, CA","en",NA,"925405978224246784","Tue Oct 31 16:55:53 +0000 2017","RT @ClintSmithIII: Just a reminder, you shouldn‚Äôt be pinning your political goals on Mueller, you should be registering as many ppl to vote‚Ä¶"
"2994533788","annevwijk","Anne van Wijk","",20,5,72,"Fri Jan 23 17:50:19 +0000 2015","Utrecht, The Netherlands","en",NA,"873203956444528640","Fri Jun 09 15:43:41 +0000 2017","RT @max_valstar: Ruim 88% van de üá≥üá± wapenexportvergunningen @MinBZ in 2016 bestond uit onderdelen en componenten. Meer info: https://t.co/6‚Ä¶"
"3005853742","JEPS_ed","JEPS","We are a journal that publishes political science research that utilizes experimental analysis or is related to experimental methodology.",366,38,8,"Fri Jan 30 15:32:43 +0000 2015","New York, NY","en",NA,"924969179740082180","Mon Oct 30 12:00:12 +0000 2017","For excellent and cutting edge experimental research on politics, check out the latest issue! https://t.co/VuNsyO1DrL"
"3017688048","USC_EALC","USC EALC","The official USC Department of East Asian Languages and Cultures Twitter account.",28,36,27,"Thu Feb 12 20:03:47 +0000 2015","","en",NA,"923688096381599746","Thu Oct 26 23:09:38 +0000 2017","A special thank you to Yoshitaro Hanai, USC alumnus and CEO of Kameya Yoshihiro, a Japanese‚Ä¶ https://t.co/qd7vhIlpf7"
"3070271977","whitney_hua","Whitney Hua","PhD Candidate at University of Southern California. Politics, social media, political psychology, and communication.",21,8,11,"Mon Mar 09 20:09:49 +0000 2015","Los Angeles, CA","en","Pacific Time (US & Canada)","925168493984546816","Tue Oct 31 01:12:12 +0000 2017","RT @NAChristakis: My fave image (network, too!) re political polarization in Congress over time. https://t.co/LgD9FEWIh9 via @urbanclio et‚Ä¶"
"3108351","WSJ","Wall Street Journal","Breaking news and features from the WSJ.",15050504,220058,1094,"Sun Apr 01 06:22:13 +0000 2007","New York, NY","en","Eastern Time (US & Canada)","925492602316697607","Tue Oct 31 22:40:05 +0000 2017","Trump says events involving Manafort came before he joined campaign, calls Papadopoulos low-level volunteer https://t.co/sV4nR2Qmx2"
"31354463","sarasadhwani","sara sadhwani","PoliSci PhD candidate @uscpoir, studying American politics, Race & ethnic politics, incorporation of immigrants; mom of 3, spy novel enthusiast",244,512,444,"Wed Apr 15 06:09:26 +0000 2009","Los Angeles","en",NA,"925056894045110273","Mon Oct 30 17:48:44 +0000 2017","RT @kelly_zvobgo: New piece by @uscpoir colleague, @joeyhuddleston on roots of Catalan Independence crisis and next steps for Madrid.

http‚Ä¶"
"3167176103","USC_CFR","USC Dornsife CFR","The Center for Feminist Research at USC Dornsife. Fighting on for feminism, equal rights, and social justice for all!",240,420,296,"Tue Apr 14 21:03:26 +0000 2015","USC - Los Angeles, CA","en",NA,"914176186103635968","Sat Sep 30 17:12:41 +0000 2017","Lots of awesomeness today @ #OPENed Women's Conference!"
"3180907718","USCDermatology","USC Dermatology","Official account for the Dept. of Dermatology at the Keck of School of Medicine of USC. Interested patients, please call 323-442-6200.",584,9237,374,"Thu Apr 30 18:19:43 +0000 2015","Los Angeles, CA","en","Pacific Time (US & Canada)","925242699954843648","Tue Oct 31 06:07:04 +0000 2017","RT @MoleSafe_USA: Did you know there‚Äôs a difference between sunscreen and sunblock? Learn more https://t.co/aZNa9fYSg5 https://t.co/xvIvu9F‚Ä¶"
"3218189220","nolahtheveil","Nola Haynes","I am Nola Haynes, pol√≠tico tweeting, EP & host of indie talk/travel show NHTV & PhD stu. UCLA | Harvard alumni üôåüèæ Snapchat @nolahtheveil",602,4345,591,"Sun May 17 23:20:05 +0000 2015","Hollywood, Los Angeles","en",NA,"925454486541287424","Tue Oct 31 20:08:38 +0000 2017","RT @peterdaou: I suggest you stop what you're doing and read @tanehisicoates taking #JohnKelly's civil war revisionism on a journey through‚Ä¶"
"3270395184","curleyt13","Tyler Bonanno-Curley","This space intentionally left blank.",101,2705,426,"Mon Jul 06 23:42:44 +0000 2015","","en",NA,"925364672831688709","Tue Oct 31 14:11:45 +0000 2017","RT @voxdotcom: Last night, John Kelly said the Civil War was due to ‚Äúthe lack of an ability to compromise.‚Äù He should watch this. https://t‚Ä¶"
"3363261854","USC_SIR","USC SIR","USC School of International Relations",178,326,82,"Thu Aug 27 20:51:51 +0000 2015","Los Angeles, CA","en","Pacific Time (US & Canada)","925485743048245248","Tue Oct 31 22:12:50 +0000 2017","RT @USCMidEast: Wed (11/15) @USCViterbi's Najmedin Meshkati and @USC_SIR's Andrew Coe talk #Iran #NuclearDeal under the #Trump administrati‚Ä¶"
"3378514300","PGI_WPSA","PGI","Politics, Groups, and Identities is an official journal of the Western Political Science Association published by Taylor & Francis.",1015,768,1491,"Thu Jul 16 07:44:25 +0000 2015","United States","en",NA,"925372929080209408","Tue Oct 31 14:44:33 +0000 2017","Take a look at Dr. @TonyAffigne's article, ""Minority Majority America and the Ghost of Woodrow Wilson."" #halloween

https://t.co/moiVXNafvH"
"3382186754","AdamSFeldman","Adam Feldman","J.D., Ph.D.; Creator of Empirical SCOTUS Blog (https://t.co/t7D6C4K2nK); Postdoctoral Fellow @columbialaw",1670,3314,247,"Sat Aug 29 13:56:11 +0000 2015","Los Angeles, CA","en","Pacific Time (US & Canada)","924058122229911553","Fri Oct 27 23:39:59 +0000 2017","Agreed. Maybe it will be (assuming the decision is based primarily on the briefs) https://t.co/xKt0MUvPec"
"3449171415","megan_eme","Megan Eme","@USC ‚úåÔ∏èPolitics Junkie üá∫üá∏Opinions are my dog's üê∂",62,538,260,"Wed Aug 26 17:41:01 +0000 2015","Los Angeles, CA","en",NA,"925458425818988544","Tue Oct 31 20:24:17 +0000 2017","RT @LindasVoiceOrg: Thanks to everyone that spread the word abt domestic violence this month. We pledge to continue our mission of giving w‚Ä¶"
"369133270","AngeMarieH","RISIST","Writer, Woman of Faith, Lifelong Justice Junkie. #Intersectionality Steward. #Philanthropy & Public Policy expert. Intersectionality Start-Up CEO! Football fan.",1171,5856,474,"Tue Sep 06 20:42:14 +0000 2011","Los Angeles, CA","en","Pacific Time (US & Canada)","925359230697091072","Tue Oct 31 13:50:07 +0000 2017","3/3 Willful blindness built on the back of racism persists. The truly honorable veterans in my family are turning over in their graves."
"378855817","PERE_USC","PERE USC","Program for Environmental & Regional Equity (PERE) conducts research on environmental justice, social movements & equity. Flw us @CSII_USC & @Prof_MPastor",2156,3622,1065,"Fri Sep 23 23:01:55 +0000 2011","Los Angeles, CA","en","Pacific Time (US & Canada)","925116417237798912","Mon Oct 30 21:45:16 +0000 2017","RT @LISC_DC: .@Prof_MPastor says communities need political &amp; economic power &amp; cultural protections to prevent displacement #allincities"
"380523278","UnruhInstitute","USC Unruh Institute","The Unruh Institute of Politics motivates students to engage in the world of politics and encourages public officials to participate in the daily life of USC.",1588,1545,1318,"Mon Sep 26 19:55:51 +0000 2011","USC","en",NA,"925097019261063168","Mon Oct 30 20:28:11 +0000 2017","RT @USCdiglib: University of Southern California student #Halloween party, ca. 1890 @usc via @uscdiglib https://t.co/4Vkqnj2bry"
"38349184","CAgovernment","CA.gov (California)","The State of California's official Twitter account. Follow our updates.",85839,2336,83,"Thu May 07 02:45:40 +0000 2009","Sacramento, CA","en","Pacific Time (US & Canada)","372760809937457152","Wed Aug 28 16:41:17 +0000 2013","RT @CA_BOE_News: You asked. We listened. Our redesigned website is now live. Check us out at http://t.co/Affd5wsuRY. http://t.co/oZuqsgfm9p"
"38673058","APSAtweets","APSA","The American Political Science Association (APSA) is the the leading professional organization for the study of political science.",18936,4705,513,"Fri May 08 14:15:43 +0000 2009","Washington, D.C.","en","Eastern Time (US & Canada)","925421917598871553","Tue Oct 31 17:59:13 +0000 2017","#CivicEngagement Constance A. Mixon of @LEAPcsu on ""All Politics Is Local: Teaching Urban‚Ä¶ https://t.co/VLwC2QlX6F https://t.co/dWaIcsskxf"
"400089150","N_Albertoni","Nicol√°s Albertoni","Trabajando por el desarrollo de #Uruguay. Hoy, desde @USC & @Georgetown (@FulbrightPrgrm). Ma√±ana, desde donde mejor pueda servir al pa√≠s. Esposo de @jocorreap.",3344,4379,1017,"Fri Oct 28 13:53:17 +0000 2011","Los Angeles, WashDC y Uruguay","es","Pacific Time (US & Canada)","925054232851496960","Mon Oct 30 17:38:10 +0000 2017","RT @LATAM_POLITICS: What #China‚Äôs ‚Äúnew era‚Äù means for #LatinAmerica - writes @V_Chonn and @N_Albertoni https://t.co/eB4M2aZLEX"
"400391325","LegalAidLA","LAFLA","Legal Aid Foundation of Los Angeles: The frontline law firm for low-income people. Changing lives every day.",1259,1443,199,"Fri Oct 28 23:39:52 +0000 2011","Los Angeles","en","Pacific Time (US & Canada)","920879493727711232","Thu Oct 19 05:09:15 +0000 2017","RT @lynnetkins: 2018 Dodger tickets!  Support @LegalAidLA! https://t.co/b6CmztrMij"
"405108328","USCKSI","USCKSI","",428,843,226,"Fri Nov 04 21:34:42 +0000 2011","Los Angeles, CA","en","Pacific Time (US & Canada)","923591203391643648","Thu Oct 26 16:44:37 +0000 2017","KSI Grad affiliate &amp; @USC_SIR PhD student, Kyuri Park co-authored an article in the journal International Politics. https://t.co/2VyfrO3314"
"415786848","verbal_gaffe","joshua timm","Political Science PhD Student at USC",234,45,351,"Fri Nov 18 20:26:13 +0000 2011","Los Angeles, CA","en","Mountain Time (US & Canada)","904395003539087360","Sun Sep 03 17:25:46 +0000 2017","Talking about your Myers Briggs test results is just the indie way of being super into horoscopes"
"42458546","HarrisPoll","The Harris Poll¬Æ","The Harris Poll¬Æ is one of the longest running and most respected barometers of public opinion in the United States.  http://t.co/fZNhb8qdAP",6270,1684,494,"Mon May 25 18:30:51 +0000 2009","Global","en","Eastern Time (US & Canada)","925400075139993601","Tue Oct 31 16:32:25 +0000 2017","RT @johngerzema: 5 Reasons Why #Millennials Are The Auto Industry‚Äôs Best Advocates w new@HarrisPoll insight: https://t.co/jpFcLD9CTU #auto‚Ä¶"
"426802833","AP_Politics","AP Politics","Highlights from AP's coverage of U.S. politics and government in words, photos and video. Managed by the Washington bureau. https://t.co/lTcEv1VGoB",291253,62403,618,"Fri Dec 02 18:26:10 +0000 2011","Washington, D.C.","en","Central Time (US & Canada)","925455197383659520","Tue Oct 31 20:11:27 +0000 2017","First Russia-Trump charges are a warning shot from special counsel https://t.co/H8UnkSvlKb"
"43925013","LongBeachMayor","Long Beach Mayor","Official account for Dr. Robert Garcia, the 28th Mayor of @LongBeachCity, a leading city for innovation, education, and economic development.",6332,3906,1832,"Mon Jun 01 17:20:17 +0000 2009","Long Beach, CA","en","Pacific Time (US & Canada)","925471648689528834","Tue Oct 31 21:16:50 +0000 2017",".@LBAirport makes the top 10 list of best airports for travelers in the U.S. by @CondeNast readers. #FlyLGB ‚úàÔ∏è
https://t.co/juqdW7QDlr"
"4457167754","changmishaw","Meredith Shaw","PhD candidate in Political Science and International Relations at USC; Fulbright Junior Researcher studying the use of traditional culture in protest movements",48,50,36,"Fri Dec 04 21:53:10 +0000 2015","Seoul, Republic of Korea","en",NA,"919152730958045184","Sat Oct 14 10:47:42 +0000 2017","RT @chadocl: ‚ÄúWe need to give death to old crazy man @realDonaldTrump‚Äù - North Korea flyer I just found in Downtown Seoul https://t.co/4fFp‚Ä¶"
"4515151","p_barbera","Pablo Barber√°","Assistant Professor of International Relations, @USC_SIR. Social Media and Politics. Computational Social Science. #rstats.",2589,2025,1226,"Fri Apr 13 16:14:31 +0000 2007","Los Angeles, CA","en","Eastern Time (US & Canada)","923595230112235520","Thu Oct 26 17:00:37 +0000 2017","RT @jack: Off-boarding advertising from all accounts owned by Russia Today (RT) and Sputnik.

We‚Äôre donating all projected earnings ($1.9mm‚Ä¶"
"476256944","SenFeinstein","Sen Dianne Feinstein","United States Senator from California. On Facebook at: http://t.co/siExqwIu",488206,5790,200,"Fri Jan 27 23:06:59 +0000 2012","California","en","Eastern Time (US & Canada)","925478497027592192","Tue Oct 31 21:44:02 +0000 2017","I‚Äôm following the attack in New York closely. My thanks to the brave first responders on the scene. Heartbreaking."
"4805048978","USC_Econ","USC Economics","The Official Twitter Page for USC's Department of Economics",278,565,11,"Sat Jan 23 23:56:28 +0000 2016","Los Angeles, CA","en","Pacific Time (US & Canada)","925138390885974016","Mon Oct 30 23:12:35 +0000 2017","At USC Economics, we held an interesting MA Economics event on careers in real estate investing.  
https://t.co/9zNAAtNQUz"
"48117919","uscsocialwork","USC Social Work","Official account for USC Suzanne Dworak-Peck School of Social Work. Follow us for news, events & information about the school. RTs do not indicate endorsement.",9450,6173,1004,"Wed Jun 17 21:12:13 +0000 2009","Southern California","en","Pacific Time (US & Canada)","924078463106953216","Sat Oct 28 01:00:48 +0000 2017","Interfaith council meets to discuss homelessness https://t.co/lErnVZnET0 via @dailytrojan #endhomelessness"
"48788647","FulbrightPrgrm","Fulbright Programs","Sponsored by U.S. Dept of State, provides funding for students, scholars, artists, teachers, and professionals for grad study, research, and teaching (K-univ).",53758,9991,1021,"Fri Jun 19 18:40:37 +0000 2009","","en","Eastern Time (US & Canada)","925428170479763456","Tue Oct 31 18:24:04 +0000 2017","Happy Halloween from the #Fulbright Program! #Fulbright English Teaching Assistant David celebrates with his studen‚Ä¶ https://t.co/E4UUpNFIOS"
"491864203","USCGSG","Graduate Student Gov","The Graduate and Professional Student Government at USC",215,299,73,"Tue Feb 14 03:12:43 +0000 2012","Los Angeles","en","Pacific Time (US & Canada)","668177884838649856","Sat Nov 21 21:23:16 +0000 2015","If you weren't already üò±üòç about #CONQUEST2015, we bet you are now. Thank you for this amazing line-up, @USCconcerts! https://t.co/hFkLxMsaQu"
"508164075","USCPolymathy","Polymathic Academy","The USC Sidney Harman Academy for Polymathic Study offers a series of conversational encounters intended to intensify polymathic awareness.",268,2796,41,"Wed Feb 29 00:55:58 +0000 2012","USC DML 241","en","Pacific Time (US & Canada)","821445080250716160","Tue Jan 17 19:52:23 +0000 2017","RT @DantheClamMan: This is really sad. Had the privilege to sit on some of the @USCPolymathy meetings. Fascinating guy to listen to. https:‚Ä¶"
"509631832","brynrosenfeld","bryn rosenfeld","Assistant Professor of Political Science, University of Southern California",14,0,4,"Thu Mar 01 02:46:43 +0000 2012","","en",NA,NA,NA,NA
"510646300","BedrosianCenter","USC Bedrosian Center","We support the work of @USCPrice students, faculty, alums as well as Angelenos in public admin, policy, & planning. Follow here curated news in governance.",1201,9694,593,"Thu Mar 01 18:29:06 +0000 2012","Los Angeles, CA","en",NA,"925472437805793280","Tue Oct 31 21:19:58 +0000 2017","Again, the links! We're working on those ... Imagining a Future That‚Äôs Better Than the Past https://t.co/YE86qtxTcw"
"51241574","AP","The Associated Press","News from The Associated Press, and a taste of the great journalism produced by AP members and customers. Managed 24/7 by these editors: https://t.co/D0hLCc7ShX",11842696,192411,7231,"Fri Jun 26 21:48:52 +0000 2009","Global","en","Eastern Time (US & Canada)","925483583753637888","Tue Oct 31 22:04:15 +0000 2017","Law enforcement official tells AP that man who drove truck on NYC bike path, killing eight, shouted ""Allahu akbar"" https://t.co/g0DS6jROqo"
"52123405","USCCinema","USC Cinematic Arts","Film, television, interactive. If you‚Äôre into these, then get into us.",10346,1067,169,"Mon Jun 29 17:28:41 +0000 2009","Los Angeles, California","en","Pacific Time (US & Canada)","923957972203577346","Fri Oct 27 17:02:01 +0000 2017","Join the #images4change challenge by posting with the hashtag and help USC‚Äôs MISC make a difference! https://t.co/xDRc285MIR"
"52932412","CSatUSC","USC Computer Science","Official Twitter account of the #ComputerScience Department at the @USCViterbi School of Engineering! Questions? csdept@usc.edu",1833,314,259,"Thu Jul 02 02:01:04 +0000 2009","USC - Los Angeles, CA","en","Pacific Time (US & Canada)","913133973642948608","Wed Sep 27 20:11:19 +0000 2017","RT @USCViterbi: Congrats to Yan Liu @CSatUSC assoc prof and director of @mascle2016 winner of @BIOCOMCA Second Annual Life Science Catalyst‚Ä¶"
"546029429","Gallup","Gallup","Since 1935, providing analytics and advice to help leaders and organizations solve their most pressing problems.",28107,13046,961,"Thu Apr 05 14:49:02 +0000 2012","Washington, D.C.","en","Atlantic Time (Canada)","925452587213688832","Tue Oct 31 20:01:05 +0000 2017","RT @GallupNews: Sharif's Indictment Risks Confidence Gains in Pakistan‚Ä¶ https://t.co/JUk0xpv2v9 https://t.co/DHhNQ66tVS"
"57786393","usccrcc","USC CRCC","Center for Religion & Civic Culture studies how religions change and make change in SoCal & across the globe. Sign up for news, events: https://t.co/chp9c0d0Wj",2315,5485,1768,"Fri Jul 17 23:11:44 +0000 2009","Los Angeles, CA","en","Pacific Time (US & Canada)","925438777618657280","Tue Oct 31 19:06:13 +0000 2017","At #Reformation500, we're seeing creative destruction of #religion, @crccdon says on #ReformationDay: https://t.co/i8Kq7zs6O8"
"593542087","ronantfu","Ronan Fu","PhD candidate of Political Science and International Relations at @USC. Interested in #IRtheory, #Chineseforeignpolicy and #textanalysis. @NTU alum.",66,63,184,"Tue May 29 09:19:37 +0000 2012","Los Angeles","en","Pacific Time (US & Canada)","924153071436939264","Sat Oct 28 05:57:16 +0000 2017","RT @mark_s_bell: New @IntOrgJournal article on Chinese public opinion and implications for the democratic piece https://t.co/Q5ChEsdeIz"
"63568032","daveckang","Dave Kang","Professor of International Relations and Business, University of Southern California. I'd rather be playing soccer.",2629,1702,270,"Thu Aug 06 23:02:00 +0000 2009","Los Angeles, CA","en","Pacific Time (US & Canada)","925478217233793024","Tue Oct 31 21:42:56 +0000 2017","I would increase the interactions, a way to change society from below. https://t.co/304V26NGGs"
"65653576","PennFels","Fels Institute","The Fels Institute of Government at @Penn. Est. 1937 - The #IvyLeague‚Äôs most practical and personal public management program.",2824,3770,289,"Fri Aug 14 14:59:30 +0000 2009","Philadelphia, PA","en","Eastern Time (US & Canada)","923947986480230405","Fri Oct 27 16:22:20 +0000 2017","Effective communication requires more than just a good story. Learn more in the latest from @Re_CAP_ : https://t.co/dyKadvp5w4"
"6603812","PublicDiplomacy","USC Public Diplomacy","A research, analysis, and professional training organization dedicated to furthering the study and practice of global public engagement and cultural relations",11637,28075,978,"Tue Jun 05 21:18:19 +0000 2007","Los Angeles, CA","en","Pacific Time (US & Canada)","925482679470116865","Tue Oct 31 22:00:40 +0000 2017","Interested in #PublicDiplomacy from the perspective of Middle America? Join us at this Nov.9 #CPDHeartland event:‚Ä¶ https://t.co/KaFPku3VUx"
"68754481","pongkwans","Pongkwan","PhD Student at USC | Columnist for The Standard | K-Pop Observer | ‡∏ô‡∏∏‡∏ä‡∏ô‡∏±‡∏Å‡∏ß‡∏¥‡∏ä‡∏≤‡∏Å‡∏≤‡∏£",3922,2406,253,"Tue Aug 25 17:38:59 +0000 2009","Los Angeles, CA","en","Bangkok","925371032587812864","Tue Oct 31 14:37:01 +0000 2017","‡∏™‡∏±‡∏á‡∏Ñ‡∏°‡∏ó‡∏µ‡πà‡πÄ‡∏õ‡πá‡∏ô‡∏•‡∏±‡∏Å‡∏©‡∏ì‡∏∞‡∏£‡∏ß‡∏°‡∏Å‡∏•‡∏∏‡πà‡∏°‡∏à‡∏∂‡∏á‡πÄ‡∏™‡∏µ‡πà‡∏¢‡∏á ‡πÄ‡∏û‡∏£‡∏≤‡∏∞‡∏Ñ‡∏ß‡∏≤‡∏°‡∏™‡∏≥‡πÄ‡∏£‡πá‡∏à‡∏Ç‡∏≠‡∏á‡∏Ñ‡∏ô‡∏Ñ‡∏ô‡πÄ‡∏î‡∏µ‡∏¢‡∏ß‡∏≠‡∏≤‡∏à‡∏Å‡∏•‡∏≤‡∏¢‡πÄ‡∏õ‡πá‡∏ô‡πÄ‡∏Ñ‡∏£‡∏∑‡πà‡∏≠‡∏á‡∏°‡∏∑‡∏≠‡πÄ‡∏´‡∏°‡∏≤‡∏∞‡∏£‡∏ß‡∏°‡πÄ‡∏û‡∏∑‡πà‡∏≠‡πÅ‡∏™‡∏î‡∏á‡∏Ñ‡∏ß‡∏≤‡∏°‡πÄ‡∏´‡∏ô‡∏∑‡∏≠‡∏Å‡∏ß‡πà‡∏≤‡∏Ç‡∏≠‡∏á‡∏ä‡∏≤‡∏ï‡∏¥ (‡∏à‡∏ö)"
"69655048","joeyhuddleston","Joey Huddleston","Conflict researcher, conventional wisdom skeptic, democracy lover, data enthusiast, motorhead",99,116,134,"Fri Aug 28 18:14:10 +0000 2009","Los Angeles, CA, USA","en","Pacific Time (US & Canada)","925131037650194432","Mon Oct 30 22:43:22 +0000 2017","Just calm down and get ready to vote.

https://t.co/EYTrxf7XT6"
"709503363574935552","USCAnnenbergPhD","USC Annenberg PhD","USC Annenberg offers an interdisciplinary PhD program in humanistic and behavioral approaches to communication.",192,284,202,"Mon Mar 14 22:15:58 +0000 2016","Los Angeles, CA","en",NA,"925123198701596673","Mon Oct 30 22:12:13 +0000 2017","Join Prof. @TajFrazier on November 13 for a convo with Insecure's @IssaRae! Coming to you from @IDEAnnenberg &amp; the‚Ä¶ https://t.co/PNwXAGuw8a"
"71074656","KeckMedUSC","Keck Medicine of USC","500+ internationally renowned doctors at a leading academic medical center keeping you healthy, on track and doing the things you love. #TheKeckEffect",225038,8355,162692,"Wed Sep 02 21:01:03 +0000 2009","Los Angeles","en","Pacific Time (US & Canada)","925452645313204225","Tue Oct 31 20:01:19 +0000 2017","The pooling of blood in the testicles causes heat and toxin buildup, affecting sperm production and function. https://t.co/ywkQG0hznL"
"710947219","KyleSRapp","Kyle Rapp","PhD Student @uscpoir | MSc #HumanRights @ucdpolitics | International Organization, #IntLaw & Use of Force | #R2P | #HigherEd | #PeaceOps | Running (#RWCXC Alum)",513,3921,506,"Sun Jul 22 16:43:41 +0000 2012","Los Angeles, CA","en","Pacific Time (US & Canada)","925226685129138176","Tue Oct 31 05:03:26 +0000 2017","@alecrider It's disgusting and worrying, but not surprising. Kelly has always been an enthusiastic part of the Trump admin."
"720070605329010690","SangayMishra","Sangay Mishra","Assistant Professor, Political Science, @DrewUniversity. Author @UMinnPress book: Desis Divided: The Political Lives of South Asian Americans .",330,2049,1002,"Wed Apr 13 02:06:25 +0000 2016","New York, NY","en",NA,"925424878685220864","Tue Oct 31 18:10:59 +0000 2017","An engaging review of my book #DesisDivided @UMinnPress  in Contemporary Sociology @ASAnews journal by Shweta Adur
https://t.co/R0ppT67SEV"
"731167752","Political_Data","Political Data","California's leading provider of political data and information to campaigns.",4269,1218,1018,"Wed Aug 01 18:06:49 +0000 2012","","en","Arizona","914989861794234369","Mon Oct 02 23:05:57 +0000 2017","What's more important to a campaign than how many people vote??  How many of YOUR VOTERS do. With PDI you can track‚Ä¶ https://t.co/kLziQruolx"
"7459282","isanet","ISA","International Studies Association - A community of international studies scholars.",10735,2632,888,"Fri Jul 13 20:07:02 +0000 2007","Storrs, CT","en","Eastern Time (US & Canada)","925376937744306176","Tue Oct 31 15:00:29 +0000 2017","RT @FPA_Jrnl: Read Se√ßkin Bari≈ü G√ºlmez article: impact of diplomats on foreign policy, case of Loraine &amp; Turkish-British relations https://‚Ä¶"
"747587106","USCGradSchool","USC Graduate School","Fostering meaningful graduate student experiences through resources, fellowships, & programs in diversity & professionalization.",2003,2627,414,"Thu Aug 09 17:17:35 +0000 2012","Los Angeles, CA","en","Pacific Time (US & Canada)","923957497731403778","Fri Oct 27 17:00:08 +0000 2017","A reminder to RSVP for the Research and Fellowship sessions that catch your eye, Nov 6-10 https://t.co/sd0MwQ6T0C #uscrfw #fellowsfriday"
"748367306","markpa84","Mark Paradis","PhD in poli sci from USC (poli psych and IR); native Montrealer; fan of Habs, Kings, Trojans, Expos, Dodgers, Dolphins, Impact; food + drink; and film.",70,262,162,"Fri Aug 10 01:53:52 +0000 2012","Montr√©al, Qu√©bec","en","Pacific Time (US & Canada)","892758990572199936","Wed Aug 02 14:48:24 +0000 2017","RT @jkertzer: A cool experimental study by Albuyeh and @markpa84 on costly signals of reassurance in @PolPsyISPP https://t.co/OMSIrRS0rh"
"755703475900678145","geniia_iakhnis","Evgeniia Iakhnis","Doctoral student in Political Science at USC. Political psychology, public opinion, foreign policy attitudes, ideology, group dynamics",59,100,132,"Wed Jul 20 09:58:44 +0000 2016","","en","Pacific Time (US & Canada)","925409775013150720","Tue Oct 31 17:10:58 +0000 2017","Beautiful (and crystal clear) explanation of hierarchical models #beautifulstats https://t.co/kx3DJZAaXL"
"759251","CNN","CNN","It‚Äôs our job to #GoThere & tell the most difficult stories. Join us! For more breaking news updates follow @CNNBRK  & Download our app üì≤https://t.co/Xgo5kjIt8c",38235576,155460,1117,"Fri Feb 09 00:35:02 +0000 2007","","en","Eastern Time (US & Canada)","925490832148484096","Tue Oct 31 22:33:03 +0000 2017","The suspect in the New York City attack is currently in surgery and is expected to survive, a source says‚Ä¶ https://t.co/Cq92rutbQd"
"764159546726113280","UscCis","USC CIS","The Center for International Studies (CIS) supports the research of graduate students and faculty at the University of Southern California.",78,74,49,"Fri Aug 12 18:00:08 +0000 2016","Los Angeles, CA","en","Pacific Time (US & Canada)","923685971123519488","Thu Oct 26 23:01:11 +0000 2017","POIR student Joey Huddleston's paper on third-party recognition of separatist movements provided great fodder for t‚Ä¶ https://t.co/NVqtjARz5N"
"76707735","QuinnipiacPoll","Quinnipiac Poll","Independent, non-partisan national and statewide public opinion poll. 
Informing the nation on where voters stand on critical issues.",48874,2880,2,"Wed Sep 23 17:54:35 +0000 2009","Hamden, Connecticut","en","Eastern Time (US & Canada)","925035066723590145","Mon Oct 30 16:22:00 +0000 2017","VA Likely Voter GRAPH 2017 election for Governor; Northam in the lead
https://t.co/O1KIzTfJKl https://t.co/sUNB9Zybhj"
"791702110416936960","baggottcarter","Erin Baggott Carter","(ËµµÈõÖËä¨) Assistant Professor at the University of Southern California focusing on Chinese foreign policy and propaganda",361,211,227,"Thu Oct 27 18:04:27 +0000 2016","Los Angeles, CA","en",NA,"924867526135136256","Mon Oct 30 05:16:16 +0000 2017","I know SOEs create deadweight losses and all, but they also create solar panel fields in the shape of a panda https://t.co/qeImQaJ9IP"
"807095","nytimes","The New York Times","Where the conversation begins. Follow for breaking news, special reports, RTs of our journalists and more from https://t.co/YapuoqX0HS.",39982647,297363,884,"Fri Mar 02 20:41:42 +0000 2007","New York City","en","Eastern Time (US & Canada)","925489088148406272","Tue Oct 31 22:26:08 +0000 2017","Evening Briefing: Here's what you need to know at the end of the day
https://t.co/8WpM2JKagr"
"813449437280423936","brett_l_carter","Brett Carter","Assistant Professor, University of Southern California. Politics + economics in Central Africa. Good politicians = constrained politicians",3126,3162,349,"Mon Dec 26 18:20:33 +0000 2016","Los Angeles, CA","en",NA,"923951863858216961","Fri Oct 27 16:37:45 +0000 2017","Dear Twitter: I'm currently finishing my book on propaganda in dictatorships w/ @baggottcarter. Back on 11.1, when submitted. Will post Ch1!"
"817200915065159681","NetDem_USC","NetDem Lab at USC","Networked Democracy Lab at @USC_SIR. Networks, text, social media, political behavior. Tweets by @p_barbera & @badawy8692",64,29,21,"Fri Jan 06 02:47:35 +0000 2017","Los Angeles, CA","en",NA,"921057707053826048","Thu Oct 19 16:57:24 +0000 2017","Thanks to Jungseock Joo (UCLA) for an illuminating talk about computer vision applied to social science during yest‚Ä¶ https://t.co/EUTKZt2uaE"
"826285384262774784","yesthatabbywood","Abby Wood","Law prof, political scientist @ USC. I research law & politics, campaign finance, bureaucracy, transparency. Opinions my own. Likes = things I want to read.",595,333,2311,"Tue Jan 31 04:26:02 +0000 2017","Los Angeles, CA","en",NA,"925132021596266496","Mon Oct 30 22:47:16 +0000 2017","@USCGouldLaw has awesome students, including four women in https://t.co/UvBjx94fSm. Congrats to Irina Dykhne, 2018 Scribes Award winner!"
"838396926","theWPSA","theWPSA","We are the Western Political Science Association || Visit our blog || Join us at #WPSA18 in SF, CA, March 29-31! https://t.co/kGUOpiNTIv",2467,3998,2447,"Fri Sep 21 19:09:57 +0000 2012","the new west","en","Pacific Time (US & Canada)","925435610545848320","Tue Oct 31 18:53:37 +0000 2017","@jordanhollya Very good happy dance haha"
"849289375544299520","SPECLabUSC","SPEC Lab","The Security and Political Economy (SPEC) Lab conducts interdisciplinary research at the intersection of climate change, security, and economic development.",52,33,119,"Tue Apr 04 15:55:40 +0000 2017","Univ of Southern California","en",NA,"922700936442761216","Tue Oct 24 05:47:00 +0000 2017","RT @USC_SIR: Join us on Wed, Nov 8 for ""Democracy and Justice in Latin America"" featuring Dr. Luis Almagro of @OAS_official 

https://t.co/‚Ä¶"
"872858864215044096","SteffiNeumeier","Stefanie Neumeier","PhD student in Political Science and International Relations | USC | focus on international migration, security, and refugee and human rights law.",65,22,112,"Thu Jun 08 16:52:24 +0000 2017","United States","en",NA,"925103244719747072","Mon Oct 30 20:52:55 +0000 2017","RT @KyleSRapp: #ECtHR faces same prob as most int‚Äôl courts - how to enforce its decisions? Especially with lack of political support. #ECHR‚Ä¶"
"885608213420191744","jandrewsinclair","Andy Sinclair","Clinical Assistant Professor, NYU Wagner.  Teaching courses in the politics of public policy and quantitative research methods.",183,80,1314,"Thu Jul 13 21:13:46 +0000 2017","","en",NA,"924055377330634752","Fri Oct 27 23:29:04 +0000 2017","""To deny Mendelssohn, is nothing but an absurd, cowardly act..."" Friedrich Goerdeler.  Interesting book: https://t.co/5cLIwOTOdm."
"887129268","Bknafou","Brian Knafou","",17,7,206,"Wed Oct 17 16:26:35 +0000 2012","","en",NA,"893846323027476481","Sat Aug 05 14:49:04 +0000 2017","@ilikethisteam11 @JarethOMMB Well there is a tv series in development. I'm not sure where it's going to land. https://t.co/8CuuHrIHXU"
"89544886","USCPrice","USC Price School","USC Sol Price School of Public Policy -- shaping the world since 1929. Our mission is to improve the quality of life for people and their communities.",5386,9129,1397,"Thu Nov 12 21:25:24 +0000 2009","Los Angeles, CA","en","Pacific Time (US & Canada)","925466177454923778","Tue Oct 31 20:55:05 +0000 2017","#bladerunner2049 explores what it means to be human - @BedrosianCenter w/ @esouthersHVE @leobraudy @renethoreau‚Ä¶ https://t.co/UcXvqoAwp5"
"917551703578238976","kelly_zvobgo","Kelebogile Zvobgo","Ph.D. Candidate @uscpoir | @pomonacollege Alumna | @NSF Graduate Research Fellow | Director @SPECLabUSC | #humanrights #transitionaljustice #development",74,327,206,"Tue Oct 10 00:45:48 +0000 2017","Los Angeles, CA","en",NA,"925385919980384256","Tue Oct 31 15:36:10 +0000 2017","MLK daughter @BerniceKing on Kelly creationist history. War /for/ slavery--b/c that's what Civ War was for Confeder‚Ä¶ https://t.co/rPsTEBnSzE"
"923006765129613312","V_Chonn","Victoria Chonn Ching","Ph.D. Candidate in #InternationalRelations and MA student in #Economics at @USC",18,8,102,"Wed Oct 25 02:02:16 +0000 2017","Los Angeles, CA","en",NA,"925249310320599041","Tue Oct 31 06:33:20 +0000 2017","Don‚Äôt miss the opportunity to attend this talk by Dr. Almagro on #democracy &amp; #justice in #LatinAmerica at @USC‚Ä¶ https://t.co/OcPZXOXLFQ"
"960353869","PSRMJournal","PSRM journal","Political Science Research and Methods: The journal of #EPSA (European Political Science Association), edited by Vera Troeger, published by CUP",2312,494,138,"Tue Nov 20 11:56:58 +0000 2012","","en",NA,"925413867903242240","Tue Oct 31 17:27:14 +0000 2017","RT @EPSRjournal: MT @PSRMJournal: Who wins wars? Countries with the most allies.   https://t.co/sX8EqabBiC https://t.co/pPczFrUFcp @cjfariss"
